{"v":"5.7.12","fr":29.9700012207031,"ip":0,"op":150.000006109625,"w":1080,"h":1080,"nm":"Info Concept","ddd":1,"assets":[{"id":"comp_0","nm":"Businessman 56","layers":[{"ddd":1,"ind":1,"ty":4,"nm":"Shape Layer 1","parent":2,"sr":1,"ks":{"o":{"a":0,"k":100,"ix":11},"rx":{"a":1,"k":[{"i":{"x":[0.063],"y":[1]},"o":{"x":[0.167],"y":[0.167]},"t":38.73,"s":[-92]},{"t":72.2959529446744,"s":[0]}],"ix":8},"ry":{"a":0,"k":0,"ix":9},"rz":{"a":0,"k":0,"ix":10},"or":{"a":0,"k":[0,0,0],"ix":7},"p":{"a":0,"k":[-287.191,109.667,0],"ix":2},"a":{"a":0,"k":[-287.191,107,0],"ix":1},"s":{"a":0,"k":[100,100,100],"ix":6}},"ao":0,"shapes":[{"ty":"gr","it":[{"ind":0,"ty":"sh","ix":1,"ks":{"a":0,"k":{"i":[[0,0],[0,0],[0,0],[-96.114,48.786]],"o":[[0,0],[0,0],[0,0],[96.114,-48.786]],"v":[[-76,-112],[-498.382,-109.888],[-488,107],[-253.114,31.786]],"c":true},"ix":2},"nm":"Path 1","mn":"ADBE Vector Shape - Group","hd":false},{"ty":"fl","c":{"a":0,"k":[0,0,0,1],"ix":4},"o":{"a":0,"k":20,"ix":5},"r":1,"bm":0,"nm":"Fill 1","mn":"ADBE Vector Graphic - Fill","hd":false},{"ty":"tr","p":{"a":0,"k":[0,0],"ix":2},"a":{"a":0,"k":[0,0],"ix":1},"s":{"a":0,"k":[100,100],"ix":3},"r":{"a":0,"k":0,"ix":6},"o":{"a":0,"k":100,"ix":7},"sk":{"a":0,"k":0,"ix":4},"sa":{"a":0,"k":0,"ix":5},"nm":"Transform"}],"nm":"Shape 3","np":3,"cix":2,"bm":0,"ix":1,"mn":"ADBE Vector Group","hd":false},{"ty":"gr","it":[{"ind":0,"ty":"sh","ix":1,"ks":{"a":0,"k":{"i":[[0,0],[0,0],[0,0],[0,0]],"o":[[0,0],[0,0],[0,0],[0,0]],"v":[[-76,-112],[-498.382,-109.888],[-488,107],[-88,106]],"c":true},"ix":2},"nm":"Path 1","mn":"ADBE Vector Shape - Group","hd":false},{"ty":"fl","c":{"a":0,"k":[0.862745098039,0.862745098039,0.862745098039,1],"ix":4},"o":{"a":0,"k":100,"ix":5},"r":1,"bm":0,"nm":"Fill 1","mn":"ADBE Vector Graphic - Fill","hd":false},{"ty":"tr","p":{"a":0,"k":[0,0],"ix":2},"a":{"a":0,"k":[0,0],"ix":1},"s":{"a":0,"k":[100,100],"ix":3},"r":{"a":0,"k":0,"ix":6},"o":{"a":0,"k":100,"ix":7},"sk":{"a":0,"k":0,"ix":4},"sa":{"a":0,"k":0,"ix":5},"nm":"Transform"}],"nm":"Shape 2","np":3,"cix":2,"bm":0,"ix":2,"mn":"ADBE Vector Group","hd":false},{"ty":"gr","it":[{"ind":0,"ty":"sh","ix":1,"ks":{"a":0,"k":{"i":[[0,0],[0,0],[0,0],[0,0]],"o":[[0,0],[0,0],[0,0],[0,0]],"v":[[-76,-112],[-498.382,-109.888],[-488,107],[-88,106]],"c":true},"ix":2},"nm":"Path 1","mn":"ADBE Vector Shape - Group","hd":false},{"ty":"fl","c":{"a":0,"k":[0.592156862745,0.592156862745,0.592156862745,1],"ix":4},"o":{"a":0,"k":100,"ix":5},"r":1,"bm":0,"nm":"Fill 1","mn":"ADBE Vector Graphic - Fill","hd":false},{"ty":"tr","p":{"a":0,"k":[0,-4],"ix":2},"a":{"a":0,"k":[0,0],"ix":1},"s":{"a":0,"k":[100,100],"ix":3},"r":{"a":0,"k":0,"ix":6},"o":{"a":0,"k":100,"ix":7},"sk":{"a":0,"k":0,"ix":4},"sa":{"a":0,"k":0,"ix":5},"nm":"Transform"}],"nm":"Shape 4","np":3,"cix":2,"bm":0,"ix":3,"mn":"ADBE Vector Group","hd":false}],"ip":39.0000015885026,"op":2309.0000940475,"st":20.7472008450508,"bm":0},{"ddd":0,"ind":2,"ty":4,"nm":"laptop","parent":18,"sr":1,"ks":{"o":{"a":0,"k":100,"ix":11},"r":{"a":0,"k":0,"ix":10},"p":{"a":0,"k":[6372.607,-6400.733,0],"ix":2,"l":2},"a":{"a":0,"k":[-287.191,0,0],"ix":1,"l":2},"s":{"a":0,"k":[70,70,100],"ix":6,"l":2}},"ao":0,"shapes":[{"ty":"gr","it":[{"ty":"rc","d":1,"s":{"a":0,"k":[412,20],"ix":2},"p":{"a":0,"k":[0,0],"ix":3},"r":{"a":0,"k":5,"ix":4},"nm":"Rectangle Path 1","mn":"ADBE Vector Shape - Rect","hd":false},{"ty":"fl","c":{"a":0,"k":[0.592156862745,0.592156862745,0.592156862745,1],"ix":4},"o":{"a":0,"k":100,"ix":5},"r":1,"bm":0,"nm":"Fill 1","mn":"ADBE Vector Graphic - Fill","hd":false},{"ty":"tr","p":{"a":0,"k":[-289.25,109],"ix":2},"a":{"a":0,"k":[0,0],"ix":1},"s":{"a":0,"k":[100,100],"ix":3},"r":{"a":0,"k":0,"ix":6},"o":{"a":0,"k":100,"ix":7},"sk":{"a":0,"k":0,"ix":4},"sa":{"a":0,"k":0,"ix":5},"nm":"Transform"}],"nm":"Rectangle 1","np":3,"cix":2,"bm":0,"ix":1,"mn":"ADBE Vector Group","hd":false}],"ip":0,"op":2309.0000940475,"st":0,"bm":0},{"ddd":0,"ind":3,"ty":4,"nm":"specs","parent":5,"sr":1,"ks":{"o":{"a":0,"k":100,"ix":11},"r":{"a":0,"k":0,"ix":10},"p":{"a":0,"k":[6291.298,-6595.557,0],"ix":2,"l":2},"a":{"a":0,"k":[6291.5,-6601.313,0],"ix":1,"l":2},"s":{"a":0,"k":[100,100,100],"ix":6,"l":2}},"ao":0,"shapes":[{"ty":"gr","it":[{"ind":0,"ty":"sh","ix":1,"ks":{"a":0,"k":{"i":[[-3.967,0.589],[0,0],[-7.309,-8.383],[-15.047,6.664],[0,0],[0,0],[0,0],[25.185,-7.083],[4.54,0.648],[12.097,-3.82],[0,0],[0,0],[-15.046,-6.664],[-7.309,8.383],[-5.804,18.715]],"o":[[3.968,0.589],[5.804,18.715],[7.309,8.383],[15.046,-6.664],[0,0],[0,0],[-12.725,-4.019],[-4.464,0.638],[-26.169,-7.36],[0,0],[0,0],[0,0],[15.047,6.664],[7.309,-8.383],[0,0]],"v":[[0,-10.815],[5.804,-5.886],[20.421,21.629],[64.917,25.713],[81.683,-10.184],[85.552,-14.484],[85.552,-27.596],[9.243,-25.016],[-9.243,-25.016],[-85.552,-27.597],[-85.552,-14.485],[-81.683,-10.186],[-64.917,25.712],[-20.421,21.629],[-5.804,-5.886]],"c":true},"ix":2},"nm":"Path 1","mn":"ADBE Vector Shape - Group","hd":false},{"ind":1,"ty":"sh","ix":2,"ks":{"a":0,"k":{"i":[[15.047,-3.655],[6.449,11.822],[-4.728,4.514],[-13.542,0.86],[-4.299,-12.038]],"o":[[-15.046,3.654],[-6.448,-11.823],[0,0],[13.543,-0.859],[4.299,12.038]],"v":[[57.393,23.564],[19.991,13.246],[16.767,-15.558],[35.253,-22.652],[73.3,-13.624]],"c":true},"ix":2},"nm":"Path 2","mn":"ADBE Vector Shape - Group","hd":false},{"ind":2,"ty":"sh","ix":3,"ks":{"a":0,"k":{"i":[[-4.299,12.037],[-13.542,-0.86],[0,0],[6.449,-11.823],[15.046,3.654]],"o":[[4.299,-12.038],[13.542,0.86],[4.729,4.514],[-6.448,11.822],[-15.047,-3.654]],"v":[[-73.299,-13.625],[-35.252,-22.652],[-16.767,-15.558],[-19.991,13.245],[-57.393,23.563]],"c":true},"ix":2},"nm":"Path 3","mn":"ADBE Vector Shape - Group","hd":false},{"ty":"fl","c":{"a":0,"k":[1,1,1,1],"ix":4},"o":{"a":0,"k":100,"ix":5},"r":1,"bm":0,"nm":"Fill 1","mn":"ADBE Vector Graphic - Fill","hd":false},{"ty":"tr","p":{"a":0,"k":[6290.285,-6593.804],"ix":2},"a":{"a":0,"k":[0,0],"ix":1},"s":{"a":0,"k":[49.531,49.531],"ix":3},"r":{"a":0,"k":2.472,"ix":6},"o":{"a":0,"k":100,"ix":7},"sk":{"a":0,"k":0,"ix":4},"sa":{"a":0,"k":0,"ix":5},"nm":"Transform"}],"nm":"specs","np":5,"cix":2,"bm":0,"ix":1,"mn":"ADBE Vector Group","hd":false}],"ip":0,"op":2309.0000940475,"st":0,"bm":0},{"ddd":0,"ind":4,"ty":4,"nm":"face elements 2","parent":5,"sr":1,"ks":{"o":{"a":0,"k":100,"ix":11},"r":{"a":0,"k":2.001,"ix":10},"p":{"a":0,"k":[6289.343,-6565.801,0],"ix":2,"l":2},"a":{"a":0,"k":[11.625,-357.048,0],"ix":1,"l":2},"s":{"a":0,"k":[135.758,135.758,100],"ix":6,"l":2}},"ao":0,"shapes":[{"ty":"gr","it":[{"ind":0,"ty":"sh","ix":1,"ks":{"a":0,"k":{"i":[[0,0],[-5,0.606],[0,0]],"o":[[0,0],[5,-0.606],[0,0]],"v":[[1.246,-347.322],[12.761,-342.776],[22.61,-347.776]],"c":false},"ix":2},"nm":"Path 1","mn":"ADBE Vector Shape - Group","hd":false},{"ty":"st","c":{"a":0,"k":[0.105882352941,0.105882352941,0.105882352941,1],"ix":3},"o":{"a":0,"k":100,"ix":4},"w":{"a":0,"k":2,"ix":5},"lc":2,"lj":1,"ml":4,"bm":0,"nm":"Stroke 1","mn":"ADBE Vector Graphic - Stroke","hd":false},{"ty":"tr","p":{"a":0,"k":[0,-3],"ix":2},"a":{"a":0,"k":[0,0],"ix":1},"s":{"a":0,"k":[100,100],"ix":3},"r":{"a":0,"k":0,"ix":6},"o":{"a":0,"k":100,"ix":7},"sk":{"a":0,"k":0,"ix":4},"sa":{"a":0,"k":0,"ix":5},"nm":"Transform"}],"nm":"Shape 1","np":2,"cix":2,"bm":0,"ix":1,"mn":"ADBE Vector Group","hd":false},{"ty":"gr","it":[{"ind":0,"ty":"sh","ix":1,"ks":{"a":0,"k":{"i":[[2.278,0],[0,-1.906],[-2.278,0],[0,1.906]],"o":[[-2.278,0],[0,1.906],[2.278,0],[0,-1.906]],"v":[[1.818,-2.233],[-2.307,1.219],[1.818,4.671],[5.943,1.219]],"c":true},"ix":2},"nm":"Path 1","mn":"ADBE Vector Shape - Group","hd":false},{"ty":"fl","c":{"a":0,"k":[0,0,0,1],"ix":4},"o":{"a":0,"k":100,"ix":5},"r":1,"bm":0,"nm":"Fill 1","mn":"ADBE Vector Graphic - Fill","hd":false},{"ty":"tr","p":{"a":0,"k":[25.75,-373.438],"ix":2},"a":{"a":0,"k":[0,0],"ix":1},"s":{"a":0,"k":[100,100],"ix":3},"r":{"a":0,"k":0,"ix":6},"o":{"a":0,"k":100,"ix":7},"sk":{"a":0,"k":0,"ix":4},"sa":{"a":0,"k":0,"ix":5},"nm":"Transform"}],"nm":"eye 2","np":3,"cix":2,"bm":0,"ix":2,"mn":"ADBE Vector Group","hd":false},{"ty":"gr","it":[{"ind":0,"ty":"sh","ix":1,"ks":{"a":0,"k":{"i":[[2.278,0],[0,-1.874],[-2.278,0],[0,1.874]],"o":[[-2.278,0],[0,1.874],[2.278,0],[0,-1.874]],"v":[[-1.97,-3.294],[-6.095,0.1],[-1.97,3.493],[2.155,0.1]],"c":true},"ix":2},"nm":"Path 1","mn":"ADBE Vector Shape - Group","hd":false},{"ty":"fl","c":{"a":0,"k":[0,0,0,1],"ix":4},"o":{"a":0,"k":100,"ix":5},"r":1,"bm":0,"nm":"Fill 1","mn":"ADBE Vector Graphic - Fill","hd":false},{"ty":"tr","p":{"a":0,"k":[-2,-372.563],"ix":2},"a":{"a":0,"k":[0,0],"ix":1},"s":{"a":0,"k":[100,100],"ix":3},"r":{"a":0,"k":0,"ix":6},"o":{"a":0,"k":100,"ix":7},"sk":{"a":0,"k":0,"ix":4},"sa":{"a":0,"k":0,"ix":5},"nm":"Transform"}],"nm":"eye 1","np":3,"cix":2,"bm":0,"ix":3,"mn":"ADBE Vector Group","hd":false},{"ty":"gr","it":[{"ind":0,"ty":"sh","ix":1,"ks":{"a":0,"k":{"i":[[0,0],[1.968,0.014],[0,0],[-3.383,-0.024]],"o":[[0,0],[-2.112,-0.015],[0,0],[3.165,0.023]],"v":[[18.341,-355.677],[12.437,-351.969],[6.1,-355.764],[12.254,-349.358]],"c":true},"ix":2},"nm":"Path 1","mn":"ADBE Vector Shape - Group","hd":false},{"ty":"fl","c":{"a":0,"k":[0,0,0,1],"ix":4},"o":{"a":0,"k":100,"ix":5},"r":1,"bm":0,"nm":"Fill 1","mn":"ADBE Vector Graphic - Fill","hd":false},{"ty":"tr","p":{"a":0,"k":[0,-6.774],"ix":2},"a":{"a":0,"k":[0,0],"ix":1},"s":{"a":0,"k":[100,100],"ix":3},"r":{"a":0,"k":0,"ix":6},"o":{"a":0,"k":100,"ix":7},"sk":{"a":0,"k":0,"ix":4},"sa":{"a":0,"k":0,"ix":5},"nm":"Transform"}],"nm":"nose","np":3,"cix":2,"bm":0,"ix":4,"mn":"ADBE Vector Group","hd":false},{"ty":"gr","it":[{"ind":0,"ty":"sh","ix":1,"ks":{"a":0,"k":{"i":[[3.588,-0.275],[-1.904,-0.551],[0,0]],"o":[[-2.599,0.2],[6.571,-1.074],[0,0]],"v":[[25.612,-384.092],[20.117,-380.799],[33.826,-380.712]],"c":true},"ix":2},"nm":"Path 1","mn":"ADBE Vector Shape - Group","hd":false},{"ty":"fl","c":{"a":0,"k":[0,0,0,1],"ix":4},"o":{"a":0,"k":100,"ix":5},"r":1,"bm":0,"nm":"Fill 1","mn":"ADBE Vector Graphic - Fill","hd":false},{"ty":"tr","p":{"a":0,"k":[0,0],"ix":2},"a":{"a":0,"k":[0,0],"ix":1},"s":{"a":0,"k":[100,100],"ix":3},"r":{"a":0,"k":0,"ix":6},"o":{"a":0,"k":100,"ix":7},"sk":{"a":0,"k":0,"ix":4},"sa":{"a":0,"k":0,"ix":5},"nm":"Transform"}],"nm":"eyebro 1","np":3,"cix":2,"bm":0,"ix":5,"mn":"ADBE Vector Group","hd":false},{"ty":"gr","it":[{"ind":0,"ty":"sh","ix":1,"ks":{"a":0,"k":{"i":[[5.193,0.256],[0,0],[-4.854,-1.059]],"o":[[-4.814,-0.237],[0,0],[3.605,0.786]],"v":[[-3.107,-384.319],[-11.879,-380.417],[1.795,-380.803]],"c":true},"ix":2},"nm":"Path 1","mn":"ADBE Vector Shape - Group","hd":false},{"ty":"fl","c":{"a":0,"k":[0,0,0,1],"ix":4},"o":{"a":0,"k":100,"ix":5},"r":1,"bm":0,"nm":"Fill 1","mn":"ADBE Vector Graphic - Fill","hd":false},{"ty":"tr","p":{"a":0,"k":[0,0],"ix":2},"a":{"a":0,"k":[0,0],"ix":1},"s":{"a":0,"k":[100,100],"ix":3},"r":{"a":0,"k":0,"ix":6},"o":{"a":0,"k":100,"ix":7},"sk":{"a":0,"k":0,"ix":4},"sa":{"a":0,"k":0,"ix":5},"nm":"Transform"}],"nm":"eyebro 2","np":3,"cix":2,"bm":0,"ix":6,"mn":"ADBE Vector Group","hd":false}],"ip":0,"op":4496.00018312583,"st":0,"bm":0},{"ddd":0,"ind":5,"ty":4,"nm":"Head ","parent":31,"sr":1,"ks":{"o":{"a":0,"k":100,"ix":11},"r":{"a":1,"k":[{"i":{"x":[0.667],"y":[1]},"o":{"x":[0.333],"y":[0]},"t":0,"s":[-2.001]},{"i":{"x":[0.667],"y":[1]},"o":{"x":[0.333],"y":[0]},"t":18.981,"s":[-2.001]},{"i":{"x":[0.667],"y":[1]},"o":{"x":[0.333],"y":[0]},"t":27.973,"s":[-2.001]},{"t":39.9600016276042,"s":[-2.001]}],"ix":10},"p":{"a":1,"k":[{"i":{"x":0.4,"y":1},"o":{"x":0.333,"y":0},"t":0,"s":[6275.429,-6703.869,0],"to":[0,0,0],"ti":[0,0,0]},{"i":{"x":0.667,"y":1},"o":{"x":0.4,"y":0},"t":18.981,"s":[6274.92,-6718.445,0],"to":[0,0,0],"ti":[0,0,0]},{"i":{"x":0.667,"y":1},"o":{"x":0.333,"y":0},"t":27.973,"s":[6275.471,-6702.655,0],"to":[0,0,0],"ti":[0,0,0]},{"i":{"x":0.833,"y":0.833},"o":{"x":0.167,"y":0.167},"t":39.96,"s":[6275.132,-6712.372,0],"to":[0,0,0],"ti":[0,0,0]},{"i":{"x":0.667,"y":1},"o":{"x":0.167,"y":0.167},"t":75,"s":[6275.132,-6712.372,0],"to":[0,0,0],"ti":[0,0,0]},{"i":{"x":0.667,"y":0.667},"o":{"x":0.333,"y":0.333},"t":84,"s":[6275.132,-6704.372,0],"to":[0,0,0],"ti":[0,0,0]},{"i":{"x":0.833,"y":0.833},"o":{"x":0.333,"y":0},"t":111,"s":[6275.132,-6704.372,0],"to":[0,0,0],"ti":[0,0,0]},{"i":{"x":0.833,"y":0.833},"o":{"x":0.167,"y":0.167},"t":120,"s":[6275.132,-6712.372,0],"to":[0,0,0],"ti":[0,0,0]},{"i":{"x":0.667,"y":1},"o":{"x":0.167,"y":0.167},"t":138,"s":[6275.132,-6712.372,0],"to":[0,0,0],"ti":[0,0,0]},{"i":{"x":0.667,"y":0.667},"o":{"x":0.333,"y":0.333},"t":147,"s":[6275.132,-6704.372,0],"to":[0,0,0],"ti":[0,0,0]},{"i":{"x":0.833,"y":0.833},"o":{"x":0.333,"y":0},"t":174,"s":[6275.132,-6704.372,0],"to":[0,0,0],"ti":[0,0,0]},{"i":{"x":0.833,"y":0.833},"o":{"x":0.167,"y":0.167},"t":183,"s":[6275.132,-6712.372,0],"to":[0,0,0],"ti":[0,0,0]},{"i":{"x":0.667,"y":1},"o":{"x":0.167,"y":0.167},"t":204,"s":[6275.132,-6712.372,0],"to":[0,0,0],"ti":[0,0,0]},{"i":{"x":0.667,"y":0.667},"o":{"x":0.333,"y":0.333},"t":213,"s":[6275.132,-6704.372,0],"to":[0,0,0],"ti":[0,0,0]},{"i":{"x":0.833,"y":0.833},"o":{"x":0.333,"y":0},"t":240,"s":[6275.132,-6704.372,0],"to":[0,0,0],"ti":[0,0,0]},{"i":{"x":0.833,"y":0.833},"o":{"x":0.167,"y":0.167},"t":249,"s":[6275.132,-6712.372,0],"to":[0,0,0],"ti":[0,0,0]},{"i":{"x":0.667,"y":1},"o":{"x":0.167,"y":0.167},"t":255,"s":[6275.132,-6712.372,0],"to":[0,0,0],"ti":[0,0,0]},{"i":{"x":0.667,"y":0.667},"o":{"x":0.333,"y":0.333},"t":264,"s":[6275.132,-6704.372,0],"to":[0,0,0],"ti":[0,0,0]},{"i":{"x":0.833,"y":0.833},"o":{"x":0.333,"y":0},"t":291,"s":[6275.132,-6704.372,0],"to":[0,0,0],"ti":[0,0,0]},{"t":300.00001221925,"s":[6275.132,-6712.372,0]}],"ix":2,"l":2},"a":{"a":0,"k":[6291.5,-6601.313,0],"ix":1,"l":2},"s":{"a":0,"k":[121.54,121.54,100],"ix":6,"l":2}},"ao":0,"shapes":[{"ty":"gr","it":[{"ind":0,"ty":"sh","ix":1,"ks":{"a":0,"k":{"i":[[47.611,-73.997],[13.288,-6.031],[25.652,-3.704],[1.17,-15.071],[-14.119,10.729],[0,0],[-2.415,2.298]],"o":[[-10.908,-6.108],[-24.867,7.285],[-8.425,8.395],[-10.65,-18.98],[2.231,-1.284],[0,0],[51.433,-45.933]],"v":[[6333.872,-6578.637],[6322.869,-6626.885],[6258.087,-6632.475],[6249.847,-6580.094],[6243.389,-6654.781],[6249.434,-6655.089],[6250.184,-6661.943]],"c":true},"ix":2},"nm":"Path 1","mn":"ADBE Vector Shape - Group","hd":false},{"ty":"fl","c":{"a":0,"k":[0.156862999411,0.156862999411,0.156862999411,1],"ix":4},"o":{"a":0,"k":100,"ix":5},"r":1,"bm":0,"nm":"Fill 1","mn":"ADBE Vector Graphic - Fill","hd":false},{"ty":"tr","p":{"a":0,"k":[0,9],"ix":2},"a":{"a":0,"k":[0,0],"ix":1},"s":{"a":0,"k":[100,100],"ix":3},"r":{"a":0,"k":0,"ix":6},"o":{"a":0,"k":100,"ix":7},"sk":{"a":0,"k":0,"ix":4},"sa":{"a":0,"k":0,"ix":5},"nm":"Transform"}],"nm":"hair","np":3,"cix":2,"bm":0,"ix":1,"mn":"ADBE Vector Group","hd":false},{"ty":"gr","it":[{"ind":0,"ty":"sh","ix":1,"ks":{"a":0,"k":{"i":[[0,0],[2.457,0],[0,0],[0,1.694],[0,0],[0,0],[0,0],[-1.694,0],[0,0],[0,-1.695]],"o":[[0,6.106],[0,0],[-1.694,0],[0,0],[0,0],[0,0],[0,-1.695],[0,0],[1.694,0],[0,0]],"v":[[4.468,0],[0,11.102],[-1.388,11.102],[-4.469,8.022],[-4.469,3.081],[-4.469,-3.08],[-4.469,-8.021],[-1.388,-11.102],[1.388,-11.102],[4.468,-8.021]],"c":true},"ix":2},"nm":"Path 1","mn":"ADBE Vector Shape - Group","hd":false},{"ty":"fl","c":{"a":0,"k":[1,0.694117665291,0.65098041296,1],"ix":4},"o":{"a":0,"k":100,"ix":5},"r":1,"bm":0,"nm":"Fill 1","mn":"ADBE Vector Graphic - Fill","hd":false},{"ty":"tr","p":{"a":0,"k":[6337.713,-6595.029],"ix":2},"a":{"a":0,"k":[0,0],"ix":1},"s":{"a":0,"k":[100,100],"ix":3},"r":{"a":0,"k":0,"ix":6},"o":{"a":0,"k":100,"ix":7},"sk":{"a":0,"k":0,"ix":4},"sa":{"a":0,"k":0,"ix":5},"nm":"Transform"}],"nm":"Right_Ear","np":2,"cix":2,"bm":0,"ix":2,"mn":"ADBE Vector Group","hd":false},{"ty":"gr","it":[{"ind":0,"ty":"sh","ix":1,"ks":{"a":0,"k":{"i":[[0,0],[-2.457,0],[0,0],[0,1.694],[0,0],[0,0],[0,0],[1.694,0],[0,0],[0,-1.695]],"o":[[0,6.106],[0,0],[1.694,0],[0,0],[0,0],[0,0],[0,-1.695],[0,0],[-1.694,0],[0,0]],"v":[[-4.468,0],[0,11.102],[1.388,11.102],[4.468,8.022],[4.468,3.081],[4.468,-3.08],[4.468,-8.021],[1.388,-11.102],[-1.389,-11.102],[-4.468,-8.021]],"c":true},"ix":2},"nm":"Path 1","mn":"ADBE Vector Shape - Group","hd":false},{"ty":"fl","c":{"a":0,"k":[1,0.694117665291,0.65098041296,1],"ix":4},"o":{"a":0,"k":100,"ix":5},"r":1,"bm":0,"nm":"Fill 1","mn":"ADBE Vector Graphic - Fill","hd":false},{"ty":"tr","p":{"a":0,"k":[6245.286,-6595.029],"ix":2},"a":{"a":0,"k":[0,0],"ix":1},"s":{"a":0,"k":[100,100],"ix":3},"r":{"a":0,"k":0,"ix":6},"o":{"a":0,"k":100,"ix":7},"sk":{"a":0,"k":0,"ix":4},"sa":{"a":0,"k":0,"ix":5},"nm":"Transform"}],"nm":"Left_Ear","np":2,"cix":2,"bm":0,"ix":3,"mn":"ADBE Vector Group","hd":false},{"ty":"gr","it":[{"ind":0,"ty":"sh","ix":1,"ks":{"a":0,"k":{"i":[[25.523,0],[0,-25.523],[0,0],[-22.01,-0.076],[0,25.524],[0,0]],"o":[[-25.523,0],[0,0],[0,25.524],[22.317,0.077],[0,0],[0,-25.523]],"v":[[0.001,-56.007],[-46.183,-8.044],[-46.214,9.793],[-0.733,65.311],[46.213,9.793],[46.213,-9.794]],"c":true},"ix":2},"nm":"Path 1","mn":"ADBE Vector Shape - Group","hd":false},{"ty":"fl","c":{"a":0,"k":[1,0.694117665291,0.65098041296,1],"ix":4},"o":{"a":0,"k":100,"ix":5},"r":1,"bm":0,"nm":"Fill 1","mn":"ADBE Vector Graphic - Fill","hd":false},{"ty":"tr","p":{"a":0,"k":[6291.508,-6599.133],"ix":2},"a":{"a":0,"k":[0,0],"ix":1},"s":{"a":0,"k":[100,100],"ix":3},"r":{"a":0,"k":0,"ix":6},"o":{"a":0,"k":100,"ix":7},"sk":{"a":0,"k":0,"ix":4},"sa":{"a":0,"k":0,"ix":5},"nm":"Transform"}],"nm":"Face","np":2,"cix":2,"bm":0,"ix":4,"mn":"ADBE Vector Group","hd":false}],"ip":0,"op":2309.0000940475,"st":0,"bm":0},{"ddd":0,"ind":6,"ty":4,"nm":"Right_Arm_Shoulder_Control","parent":18,"sr":1,"ks":{"o":{"a":0,"k":100,"ix":11},"r":{"a":1,"k":[{"i":{"x":[0.667],"y":[1]},"o":{"x":[0.333],"y":[0]},"t":0,"s":[0]},{"i":{"x":[0.667],"y":[1]},"o":{"x":[0.333],"y":[0]},"t":18,"s":[19]},{"i":{"x":[0.833],"y":[1]},"o":{"x":[0.333],"y":[0]},"t":26,"s":[0]},{"t":33.0000013441176,"s":[32]}],"ix":10},"p":{"a":1,"k":[{"i":{"x":0.667,"y":1},"o":{"x":0.333,"y":0},"t":0,"s":[6262.564,-6591.741,0],"to":[0,0,0],"ti":[0,0,0]},{"i":{"x":0.667,"y":1},"o":{"x":0.333,"y":0},"t":18,"s":[6262.564,-6605.741,0],"to":[0,0,0],"ti":[0,0,0]},{"i":{"x":0.667,"y":1},"o":{"x":0.333,"y":0},"t":26,"s":[6262.564,-6586.741,0],"to":[0,0,0],"ti":[0,0,0]},{"i":{"x":0.667,"y":0.667},"o":{"x":0.333,"y":0.333},"t":34,"s":[6262.564,-6591.741,0],"to":[0,0,0],"ti":[0,0,0]},{"i":{"x":0.667,"y":1},"o":{"x":0.333,"y":0},"t":75,"s":[6262.564,-6591.741,0],"to":[0,0,0],"ti":[0,0,0]},{"i":{"x":0.667,"y":1},"o":{"x":0.167,"y":0},"t":81,"s":[6262.564,-6585.741,0],"to":[0,0,0],"ti":[0,0,0]},{"i":{"x":0.667,"y":0.667},"o":{"x":0.333,"y":0.333},"t":87,"s":[6262.564,-6591.741,0],"to":[0,0,0],"ti":[0,0,0]},{"i":{"x":0.667,"y":1},"o":{"x":0.333,"y":0},"t":93,"s":[6262.564,-6591.741,0],"to":[0,0,0],"ti":[0,0,0]},{"i":{"x":0.667,"y":1},"o":{"x":0.167,"y":0},"t":99,"s":[6262.564,-6585.741,0],"to":[0,0,0],"ti":[0,0,0]},{"i":{"x":0.667,"y":0.667},"o":{"x":0.333,"y":0.333},"t":105,"s":[6262.564,-6591.741,0],"to":[0,0,0],"ti":[0,0,0]},{"i":{"x":0.667,"y":1},"o":{"x":0.333,"y":0},"t":111,"s":[6262.564,-6591.741,0],"to":[0,0,0],"ti":[0,0,0]},{"i":{"x":0.667,"y":1},"o":{"x":0.167,"y":0},"t":117,"s":[6262.564,-6585.741,0],"to":[0,0,0],"ti":[0,0,0]},{"i":{"x":0.667,"y":0.667},"o":{"x":0.167,"y":0.167},"t":123,"s":[6262.564,-6591.741,0],"to":[0,0,0],"ti":[0,0,0]},{"i":{"x":0.667,"y":1},"o":{"x":0.333,"y":0},"t":134,"s":[6262.564,-6591.741,0],"to":[0,0,0],"ti":[0,0,0]},{"i":{"x":0.667,"y":1},"o":{"x":0.167,"y":0},"t":140,"s":[6262.564,-6585.741,0],"to":[0,0,0],"ti":[0,0,0]},{"i":{"x":0.667,"y":0.667},"o":{"x":0.333,"y":0.333},"t":146,"s":[6262.564,-6591.741,0],"to":[0,0,0],"ti":[0,0,0]},{"i":{"x":0.667,"y":1},"o":{"x":0.333,"y":0},"t":152,"s":[6262.564,-6591.741,0],"to":[0,0,0],"ti":[0,0,0]},{"i":{"x":0.667,"y":1},"o":{"x":0.167,"y":0},"t":158,"s":[6262.564,-6585.741,0],"to":[0,0,0],"ti":[0,0,0]},{"i":{"x":0.667,"y":0.667},"o":{"x":0.333,"y":0.333},"t":164,"s":[6262.564,-6591.741,0],"to":[0,0,0],"ti":[0,0,0]},{"i":{"x":0.667,"y":1},"o":{"x":0.333,"y":0},"t":170,"s":[6262.564,-6591.741,0],"to":[0,0,0],"ti":[0,0,0]},{"i":{"x":0.667,"y":1},"o":{"x":0.167,"y":0},"t":176,"s":[6262.564,-6585.741,0],"to":[0,0,0],"ti":[0,0,0]},{"i":{"x":0.667,"y":0.667},"o":{"x":0.167,"y":0.167},"t":182,"s":[6262.564,-6591.741,0],"to":[0,0,0],"ti":[0,0,0]},{"i":{"x":0.667,"y":1},"o":{"x":0.333,"y":0},"t":199,"s":[6262.564,-6591.741,0],"to":[0,0,0],"ti":[0,0,0]},{"i":{"x":0.667,"y":1},"o":{"x":0.167,"y":0},"t":205,"s":[6262.564,-6585.741,0],"to":[0,0,0],"ti":[0,0,0]},{"i":{"x":0.667,"y":0.667},"o":{"x":0.333,"y":0.333},"t":211,"s":[6262.564,-6591.741,0],"to":[0,0,0],"ti":[0,0,0]},{"i":{"x":0.667,"y":1},"o":{"x":0.333,"y":0},"t":217,"s":[6262.564,-6591.741,0],"to":[0,0,0],"ti":[0,0,0]},{"i":{"x":0.667,"y":1},"o":{"x":0.167,"y":0},"t":223,"s":[6262.564,-6585.741,0],"to":[0,0,0],"ti":[0,0,0]},{"i":{"x":0.667,"y":0.667},"o":{"x":0.333,"y":0.333},"t":229,"s":[6262.564,-6591.741,0],"to":[0,0,0],"ti":[0,0,0]},{"i":{"x":0.667,"y":1},"o":{"x":0.333,"y":0},"t":235,"s":[6262.564,-6591.741,0],"to":[0,0,0],"ti":[0,0,0]},{"i":{"x":0.667,"y":1},"o":{"x":0.167,"y":0},"t":241,"s":[6262.564,-6585.741,0],"to":[0,0,0],"ti":[0,0,0]},{"i":{"x":0.667,"y":0.667},"o":{"x":0.167,"y":0.167},"t":247,"s":[6262.564,-6591.741,0],"to":[0,0,0],"ti":[0,0,0]},{"i":{"x":0.667,"y":1},"o":{"x":0.333,"y":0},"t":252,"s":[6262.564,-6591.741,0],"to":[0,0,0],"ti":[0,0,0]},{"i":{"x":0.667,"y":1},"o":{"x":0.167,"y":0},"t":258,"s":[6262.564,-6585.741,0],"to":[0,0,0],"ti":[0,0,0]},{"i":{"x":0.667,"y":0.667},"o":{"x":0.333,"y":0.333},"t":264,"s":[6262.564,-6591.741,0],"to":[0,0,0],"ti":[0,0,0]},{"i":{"x":0.667,"y":1},"o":{"x":0.333,"y":0},"t":270,"s":[6262.564,-6591.741,0],"to":[0,0,0],"ti":[0,0,0]},{"i":{"x":0.667,"y":1},"o":{"x":0.167,"y":0},"t":276,"s":[6262.564,-6585.741,0],"to":[0,0,0],"ti":[0,0,0]},{"i":{"x":0.667,"y":0.667},"o":{"x":0.333,"y":0.333},"t":282,"s":[6262.564,-6591.741,0],"to":[0,0,0],"ti":[0,0,0]},{"i":{"x":0.667,"y":1},"o":{"x":0.333,"y":0},"t":288,"s":[6262.564,-6591.741,0],"to":[0,0,0],"ti":[0,0,0]},{"i":{"x":0.667,"y":1},"o":{"x":0.167,"y":0},"t":294,"s":[6262.564,-6585.741,0],"to":[0,0,0],"ti":[0,0,0]},{"t":300.00001221925,"s":[6262.564,-6591.741,0]}],"ix":2,"l":2},"a":{"a":0,"k":[6262.563,-6636.74,0],"ix":1,"l":2},"s":{"a":0,"k":[100,100,100],"ix":6,"l":2}},"ao":0,"shapes":[{"ty":"gr","it":[{"ind":0,"ty":"sh","ix":1,"ks":{"a":0,"k":{"i":[[0,-12.257],[12.256,0],[0,12.256],[-12.257,0]],"o":[[0,12.256],[-12.257,0],[0,-12.257],[12.256,0]],"v":[[22.193,0],[0,22.192],[-22.192,0],[0,-22.192]],"c":true},"ix":2},"nm":"Path 1","mn":"ADBE Vector Shape - Group","hd":false},{"ty":"fl","c":{"a":0,"k":[1,1,1,1],"ix":4},"o":{"a":0,"k":100,"ix":5},"r":1,"bm":0,"nm":"Fill 1","mn":"ADBE Vector Graphic - Fill","hd":false},{"ty":"tr","p":{"a":0,"k":[6262.563,-6636.74],"ix":2},"a":{"a":0,"k":[0,0],"ix":1},"s":{"a":0,"k":[100,100],"ix":3},"r":{"a":0,"k":0,"ix":6},"o":{"a":0,"k":100,"ix":7},"sk":{"a":0,"k":0,"ix":4},"sa":{"a":0,"k":0,"ix":5},"nm":"Transform"}],"nm":"Right_Arm_Shoulder_Control","np":2,"cix":2,"bm":0,"ix":1,"mn":"ADBE Vector Group","hd":false}],"ip":0,"op":2309.0000940475,"st":0,"bm":0},{"ddd":0,"ind":7,"ty":4,"nm":"Right_Arm_Shoulder","parent":6,"sr":1,"ks":{"o":{"a":0,"k":100,"ix":11},"r":{"a":0,"k":0,"ix":10},"p":{"a":0,"k":[6262.553,-6582.912,0],"ix":2,"l":2},"a":{"a":0,"k":[6262.554,-6582.913,0],"ix":1,"l":2},"s":{"a":0,"k":[100,100,100],"ix":6,"l":2}},"ao":0,"shapes":[{"ty":"gr","it":[{"ind":0,"ty":"sh","ix":1,"ks":{"a":0,"k":{"i":[[0,0],[0,0],[0,0],[0,0],[0,0],[0,0]],"o":[[0,0],[0,0],[0,0],[0,0],[0,0],[0,0]],"v":[[-20.533,53.827],[-22.203,-53.828],[0.01,-53.828],[22.203,-53.828],[20.569,53.828],[0.01,53.827]],"c":true},"ix":2},"nm":"Path 1","mn":"ADBE Vector Shape - Group","hd":false},{"ty":"fl","c":{"a":0,"k":[1,1,1,1],"ix":4},"o":{"a":0,"k":100,"ix":5},"r":1,"bm":0,"nm":"Fill 1","mn":"ADBE Vector Graphic - Fill","hd":false},{"ty":"tr","p":{"a":0,"k":[6262.554,-6582.913],"ix":2},"a":{"a":0,"k":[0,0],"ix":1},"s":{"a":0,"k":[100,100],"ix":3},"r":{"a":0,"k":0,"ix":6},"o":{"a":0,"k":100,"ix":7},"sk":{"a":0,"k":0,"ix":4},"sa":{"a":0,"k":0,"ix":5},"nm":"Transform"}],"nm":"Right_Arm_Shoulder","np":2,"cix":2,"bm":0,"ix":1,"mn":"ADBE Vector Group","hd":false}],"ip":0,"op":2309.0000940475,"st":0,"bm":0},{"ddd":0,"ind":8,"ty":4,"nm":"Right_Arm_Elbow","parent":9,"sr":1,"ks":{"o":{"a":0,"k":100,"ix":11},"r":{"a":0,"k":0,"ix":10},"p":{"a":0,"k":[6262.571,-6475.257,0],"ix":2,"l":2},"a":{"a":0,"k":[6262.571,-6475.257,0],"ix":1,"l":2},"s":{"a":0,"k":[100,100,100],"ix":6,"l":2}},"ao":0,"shapes":[{"ty":"gr","it":[{"ind":0,"ty":"sh","ix":1,"ks":{"a":0,"k":{"i":[[0,0],[0,0],[0,0],[0,0],[0,0]],"o":[[0,0],[0,0],[0,0],[0,0],[0,0]],"v":[[18.918,53.828],[-18.881,53.828],[-20.551,-53.829],[-0.007,-53.829],[20.552,-53.828]],"c":true},"ix":2},"nm":"Path 1","mn":"ADBE Vector Shape - Group","hd":false},{"ty":"fl","c":{"a":0,"k":[1,1,1,1],"ix":4},"o":{"a":0,"k":100,"ix":5},"r":1,"bm":0,"nm":"Fill 1","mn":"ADBE Vector Graphic - Fill","hd":false},{"ty":"tr","p":{"a":0,"k":[6262.571,-6475.257],"ix":2},"a":{"a":0,"k":[0,0],"ix":1},"s":{"a":0,"k":[100,100],"ix":3},"r":{"a":0,"k":0,"ix":6},"o":{"a":0,"k":100,"ix":7},"sk":{"a":0,"k":0,"ix":4},"sa":{"a":0,"k":0,"ix":5},"nm":"Transform"}],"nm":"Right_Arm_Elbow","np":2,"cix":2,"bm":0,"ix":1,"mn":"ADBE Vector Group","hd":false}],"ip":0,"op":2309.0000940475,"st":0,"bm":0},{"ddd":0,"ind":9,"ty":4,"nm":"Right_Arm_Elbow_Control","parent":7,"sr":1,"ks":{"o":{"a":0,"k":100,"ix":11},"r":{"a":1,"k":[{"i":{"x":[0.667],"y":[1]},"o":{"x":[0.333],"y":[0]},"t":1,"s":[0]},{"i":{"x":[0.667],"y":[1]},"o":{"x":[0.333],"y":[0]},"t":19,"s":[-23]},{"i":{"x":[0.833],"y":[1]},"o":{"x":[0.333],"y":[0]},"t":27,"s":[0]},{"i":{"x":[0.833],"y":[1]},"o":{"x":[0.167],"y":[0]},"t":34,"s":[-89]},{"i":{"x":[0.833],"y":[1]},"o":{"x":[0.167],"y":[0]},"t":75,"s":[-89]},{"i":{"x":[0.833],"y":[1]},"o":{"x":[0.167],"y":[0]},"t":79,"s":[-82]},{"i":{"x":[0.833],"y":[1]},"o":{"x":[0.167],"y":[0]},"t":83,"s":[-87]},{"i":{"x":[0.833],"y":[1]},"o":{"x":[0.167],"y":[0]},"t":87,"s":[-77]},{"i":{"x":[0.833],"y":[1]},"o":{"x":[0.167],"y":[0]},"t":90,"s":[-89]},{"i":{"x":[0.833],"y":[1]},"o":{"x":[0.167],"y":[0]},"t":94,"s":[-82]},{"i":{"x":[0.833],"y":[1]},"o":{"x":[0.167],"y":[0]},"t":98,"s":[-87]},{"i":{"x":[0.833],"y":[1]},"o":{"x":[0.167],"y":[0]},"t":102,"s":[-77]},{"i":{"x":[0.833],"y":[1]},"o":{"x":[0.167],"y":[0]},"t":107,"s":[-89]},{"i":{"x":[0.833],"y":[1]},"o":{"x":[0.167],"y":[0]},"t":111,"s":[-82]},{"i":{"x":[0.833],"y":[1]},"o":{"x":[0.167],"y":[0]},"t":115,"s":[-87]},{"i":{"x":[0.833],"y":[1]},"o":{"x":[0.167],"y":[0]},"t":119,"s":[-77]},{"i":{"x":[0.833],"y":[1]},"o":{"x":[0.167],"y":[0]},"t":138,"s":[-89]},{"i":{"x":[0.833],"y":[1]},"o":{"x":[0.167],"y":[0]},"t":142,"s":[-82]},{"i":{"x":[0.833],"y":[1]},"o":{"x":[0.167],"y":[0]},"t":146,"s":[-87]},{"i":{"x":[0.833],"y":[1]},"o":{"x":[0.167],"y":[0]},"t":150,"s":[-77]},{"i":{"x":[0.833],"y":[1]},"o":{"x":[0.167],"y":[0]},"t":153,"s":[-89]},{"i":{"x":[0.833],"y":[1]},"o":{"x":[0.167],"y":[0]},"t":157,"s":[-82]},{"i":{"x":[0.833],"y":[1]},"o":{"x":[0.167],"y":[0]},"t":161,"s":[-87]},{"i":{"x":[0.833],"y":[1]},"o":{"x":[0.167],"y":[0]},"t":165,"s":[-77]},{"i":{"x":[0.833],"y":[1]},"o":{"x":[0.167],"y":[0]},"t":170,"s":[-89]},{"i":{"x":[0.833],"y":[1]},"o":{"x":[0.167],"y":[0]},"t":174,"s":[-82]},{"i":{"x":[0.833],"y":[1]},"o":{"x":[0.167],"y":[0]},"t":178,"s":[-87]},{"i":{"x":[0.833],"y":[1]},"o":{"x":[0.167],"y":[0]},"t":182,"s":[-77]},{"i":{"x":[0.833],"y":[1]},"o":{"x":[0.167],"y":[0]},"t":204,"s":[-89]},{"i":{"x":[0.833],"y":[1]},"o":{"x":[0.167],"y":[0]},"t":208,"s":[-82]},{"i":{"x":[0.833],"y":[1]},"o":{"x":[0.167],"y":[0]},"t":212,"s":[-87]},{"i":{"x":[0.833],"y":[1]},"o":{"x":[0.167],"y":[0]},"t":216,"s":[-77]},{"i":{"x":[0.833],"y":[1]},"o":{"x":[0.167],"y":[0]},"t":219,"s":[-89]},{"i":{"x":[0.833],"y":[1]},"o":{"x":[0.167],"y":[0]},"t":223,"s":[-82]},{"i":{"x":[0.833],"y":[1]},"o":{"x":[0.167],"y":[0]},"t":227,"s":[-87]},{"i":{"x":[0.833],"y":[1]},"o":{"x":[0.167],"y":[0]},"t":231,"s":[-77]},{"i":{"x":[0.833],"y":[1]},"o":{"x":[0.167],"y":[0]},"t":236,"s":[-89]},{"i":{"x":[0.833],"y":[1]},"o":{"x":[0.167],"y":[0]},"t":240,"s":[-82]},{"i":{"x":[0.833],"y":[1]},"o":{"x":[0.167],"y":[0]},"t":244,"s":[-87]},{"i":{"x":[0.833],"y":[1]},"o":{"x":[0.167],"y":[0]},"t":248,"s":[-77]},{"i":{"x":[0.833],"y":[1]},"o":{"x":[0.167],"y":[0]},"t":256,"s":[-89]},{"i":{"x":[0.833],"y":[1]},"o":{"x":[0.167],"y":[0]},"t":260,"s":[-82]},{"i":{"x":[0.833],"y":[1]},"o":{"x":[0.167],"y":[0]},"t":264,"s":[-87]},{"i":{"x":[0.833],"y":[1]},"o":{"x":[0.167],"y":[0]},"t":268,"s":[-77]},{"i":{"x":[0.833],"y":[1]},"o":{"x":[0.167],"y":[0]},"t":271,"s":[-89]},{"i":{"x":[0.833],"y":[1]},"o":{"x":[0.167],"y":[0]},"t":275,"s":[-82]},{"i":{"x":[0.833],"y":[1]},"o":{"x":[0.167],"y":[0]},"t":279,"s":[-87]},{"i":{"x":[0.833],"y":[1]},"o":{"x":[0.167],"y":[0]},"t":283,"s":[-77]},{"i":{"x":[0.833],"y":[1]},"o":{"x":[0.167],"y":[0]},"t":288,"s":[-89]},{"i":{"x":[0.833],"y":[1]},"o":{"x":[0.167],"y":[0]},"t":292,"s":[-82]},{"i":{"x":[0.833],"y":[1]},"o":{"x":[0.167],"y":[0]},"t":296,"s":[-87]},{"t":300.00001221925,"s":[-77]}],"ix":10},"p":{"a":0,"k":[6262.554,-6529.084,0],"ix":2,"l":2},"a":{"a":0,"k":[6262.554,-6529.084,0],"ix":1,"l":2},"s":{"a":0,"k":[100,100,100],"ix":6,"l":2}},"ao":0,"shapes":[{"ty":"gr","it":[{"ind":0,"ty":"sh","ix":1,"ks":{"a":0,"k":{"i":[[0,-11.36],[11.36,0],[0,11.36],[-11.36,0]],"o":[[0,11.36],[-11.36,0],[0,-11.36],[11.36,0]],"v":[[20.569,0],[0,20.569],[-20.569,0],[0,-20.569]],"c":true},"ix":2},"nm":"Path 1","mn":"ADBE Vector Shape - Group","hd":false},{"ty":"fl","c":{"a":0,"k":[1,1,1,1],"ix":4},"o":{"a":0,"k":100,"ix":5},"r":1,"bm":0,"nm":"Fill 1","mn":"ADBE Vector Graphic - Fill","hd":false},{"ty":"tr","p":{"a":0,"k":[6262.554,-6529.084],"ix":2},"a":{"a":0,"k":[0,0],"ix":1},"s":{"a":0,"k":[100,100],"ix":3},"r":{"a":0,"k":0,"ix":6},"o":{"a":0,"k":100,"ix":7},"sk":{"a":0,"k":0,"ix":4},"sa":{"a":0,"k":0,"ix":5},"nm":"Transform"}],"nm":"Right_Arm_Elbow_Control","np":2,"cix":2,"bm":0,"ix":1,"mn":"ADBE Vector Group","hd":false}],"ip":0,"op":2309.0000940475,"st":0,"bm":0},{"ddd":0,"ind":10,"ty":4,"nm":"Right_Arm_Hand_Control","parent":8,"sr":1,"ks":{"o":{"a":0,"k":100,"ix":11},"r":{"a":1,"k":[{"i":{"x":[0.667],"y":[1]},"o":{"x":[0.333],"y":[0]},"t":2,"s":[0]},{"i":{"x":[0.667],"y":[1]},"o":{"x":[0.333],"y":[0]},"t":20,"s":[-7]},{"i":{"x":[0.833],"y":[1]},"o":{"x":[0.333],"y":[0]},"t":28,"s":[0]},{"t":35.0000014255792,"s":[-4]}],"ix":10},"p":{"a":0,"k":[6262.564,-6421.428,0],"ix":2,"l":2},"a":{"a":0,"k":[6262.564,-6421.429,0],"ix":1,"l":2},"s":{"a":0,"k":[100,100,100],"ix":6,"l":2}},"ao":0,"shapes":[{"ty":"gr","it":[{"ind":0,"ty":"sh","ix":1,"ks":{"a":0,"k":{"i":[[0,-9.445],[9.445,0],[0,9.445],[-9.445,0]],"o":[[0,9.445],[-9.445,0],[0,-9.445],[9.445,0]],"v":[[17.102,0],[0,17.102],[-17.102,0],[0,-17.102]],"c":true},"ix":2},"nm":"Path 1","mn":"ADBE Vector Shape - Group","hd":false},{"ty":"fl","c":{"a":0,"k":[0.992156922817,0.698039233685,0.647058844566,1],"ix":4},"o":{"a":0,"k":100,"ix":5},"r":1,"bm":0,"nm":"Fill 1","mn":"ADBE Vector Graphic - Fill","hd":false},{"ty":"tr","p":{"a":0,"k":[6262.564,-6421.429],"ix":2},"a":{"a":0,"k":[0,0],"ix":1},"s":{"a":0,"k":[100,100],"ix":3},"r":{"a":0,"k":0,"ix":6},"o":{"a":0,"k":100,"ix":7},"sk":{"a":0,"k":0,"ix":4},"sa":{"a":0,"k":0,"ix":5},"nm":"Transform"}],"nm":"Right_Arm_Hand_Control","np":2,"cix":2,"bm":0,"ix":1,"mn":"ADBE Vector Group","hd":false}],"ip":0,"op":2309.0000940475,"st":0,"bm":0},{"ddd":0,"ind":11,"ty":4,"nm":"Right_Arm_Hand","parent":10,"sr":1,"ks":{"o":{"a":0,"k":100,"ix":11},"r":{"a":0,"k":0,"ix":10},"p":{"a":0,"k":[6262.539,-6395.826,0],"ix":2,"l":2},"a":{"a":0,"k":[6262.539,-6395.826,0],"ix":1,"l":2},"s":{"a":0,"k":[100,100,100],"ix":6,"l":2}},"ao":0,"shapes":[{"ty":"gr","it":[{"ind":0,"ty":"sh","ix":1,"ks":{"a":0,"k":{"i":[[-0.345,17.419],[0,0],[0,0],[0.076,-4.069],[3.116,0.012],[0.185,3.731],[11.362,0.042]],"o":[[0,0],[0,0],[0,0],[-0.092,4.847],[-2.912,-0.011],[0.087,4.818],[-12.507,-0.046]],"v":[[-16.938,-25.624],[0.158,-25.624],[17.264,-25.624],[17.207,-6.196],[12.37,3.591],[7.677,-5.473],[-3.64,25.582]],"c":true},"ix":2},"nm":"Path 1","mn":"ADBE Vector Shape - Group","hd":false},{"ty":"fl","c":{"a":0,"k":[0.992156922817,0.698039233685,0.647058844566,1],"ix":4},"o":{"a":0,"k":100,"ix":5},"r":1,"bm":0,"nm":"Fill 1","mn":"ADBE Vector Graphic - Fill","hd":false},{"ty":"tr","p":{"a":0,"k":[6262.399,-6395.805],"ix":2},"a":{"a":0,"k":[0,0],"ix":1},"s":{"a":0,"k":[100,100],"ix":3},"r":{"a":0,"k":0,"ix":6},"o":{"a":0,"k":100,"ix":7},"sk":{"a":0,"k":0,"ix":4},"sa":{"a":0,"k":0,"ix":5},"nm":"Transform"}],"nm":"Right_Arm_Hand","np":2,"cix":2,"bm":0,"ix":1,"mn":"ADBE Vector Group","hd":false}],"ip":0,"op":2309.0000940475,"st":0,"bm":0},{"ddd":0,"ind":12,"ty":4,"nm":"Left_Arm_Shoulder_Control","parent":18,"sr":1,"ks":{"o":{"a":0,"k":100,"ix":11},"r":{"a":1,"k":[{"i":{"x":[0.667],"y":[1]},"o":{"x":[0.333],"y":[0]},"t":0,"s":[0]},{"i":{"x":[0.667],"y":[1]},"o":{"x":[0.333],"y":[0]},"t":18,"s":[-12]},{"i":{"x":[0.833],"y":[1]},"o":{"x":[0.333],"y":[0]},"t":26,"s":[0]},{"t":33.0000013441176,"s":[-32]}],"ix":10},"p":{"a":1,"k":[{"i":{"x":0.667,"y":1},"o":{"x":0.333,"y":0},"t":0,"s":[6465.942,-6591.741,0],"to":[0,0,0],"ti":[0,0,0]},{"i":{"x":0.667,"y":1},"o":{"x":0.333,"y":0},"t":18,"s":[6465.942,-6606.741,0],"to":[0,0,0],"ti":[0,0,0]},{"i":{"x":0.667,"y":1},"o":{"x":0.333,"y":0},"t":26,"s":[6465.942,-6586.741,0],"to":[0,0,0],"ti":[0,0,0]},{"i":{"x":0.667,"y":0.667},"o":{"x":0.333,"y":0.333},"t":34,"s":[6465.942,-6591.741,0],"to":[0,0,0],"ti":[0,0,0]},{"i":{"x":0.667,"y":1},"o":{"x":0.333,"y":0},"t":75,"s":[6465.942,-6591.741,0],"to":[0,0,0],"ti":[0,0,0]},{"i":{"x":0.667,"y":1},"o":{"x":0.167,"y":0},"t":81,"s":[6465.942,-6585.741,0],"to":[0,0,0],"ti":[0,0,0]},{"i":{"x":0.667,"y":0.667},"o":{"x":0.333,"y":0.333},"t":87,"s":[6465.942,-6591.741,0],"to":[0,0,0],"ti":[0,0,0]},{"i":{"x":0.667,"y":1},"o":{"x":0.333,"y":0},"t":93,"s":[6465.942,-6591.741,0],"to":[0,0,0],"ti":[0,0,0]},{"i":{"x":0.667,"y":1},"o":{"x":0.167,"y":0},"t":99,"s":[6465.942,-6585.741,0],"to":[0,0,0],"ti":[0,0,0]},{"i":{"x":0.667,"y":0.667},"o":{"x":0.333,"y":0.333},"t":105,"s":[6465.942,-6591.741,0],"to":[0,0,0],"ti":[0,0,0]},{"i":{"x":0.667,"y":1},"o":{"x":0.333,"y":0},"t":111,"s":[6465.942,-6591.741,0],"to":[0,0,0],"ti":[0,0,0]},{"i":{"x":0.667,"y":1},"o":{"x":0.167,"y":0},"t":117,"s":[6465.942,-6585.741,0],"to":[0,0,0],"ti":[0,0,0]},{"i":{"x":0.667,"y":0.667},"o":{"x":0.333,"y":0.333},"t":123,"s":[6465.942,-6591.741,0],"to":[0,0,0],"ti":[0,0,0]},{"i":{"x":0.667,"y":1},"o":{"x":0.333,"y":0},"t":134,"s":[6465.942,-6591.741,0],"to":[0,0,0],"ti":[0,0,0]},{"i":{"x":0.667,"y":1},"o":{"x":0.167,"y":0},"t":140,"s":[6465.942,-6585.741,0],"to":[0,0,0],"ti":[0,0,0]},{"i":{"x":0.667,"y":0.667},"o":{"x":0.333,"y":0.333},"t":146,"s":[6465.942,-6591.741,0],"to":[0,0,0],"ti":[0,0,0]},{"i":{"x":0.667,"y":1},"o":{"x":0.333,"y":0},"t":152,"s":[6465.942,-6591.741,0],"to":[0,0,0],"ti":[0,0,0]},{"i":{"x":0.667,"y":1},"o":{"x":0.167,"y":0},"t":158,"s":[6465.942,-6585.741,0],"to":[0,0,0],"ti":[0,0,0]},{"i":{"x":0.667,"y":0.667},"o":{"x":0.333,"y":0.333},"t":164,"s":[6465.942,-6591.741,0],"to":[0,0,0],"ti":[0,0,0]},{"i":{"x":0.667,"y":1},"o":{"x":0.333,"y":0},"t":170,"s":[6465.942,-6591.741,0],"to":[0,0,0],"ti":[0,0,0]},{"i":{"x":0.667,"y":1},"o":{"x":0.167,"y":0},"t":176,"s":[6465.942,-6585.741,0],"to":[0,0,0],"ti":[0,0,0]},{"i":{"x":0.667,"y":0.667},"o":{"x":0.333,"y":0.333},"t":182,"s":[6465.942,-6591.741,0],"to":[0,0,0],"ti":[0,0,0]},{"i":{"x":0.667,"y":1},"o":{"x":0.333,"y":0},"t":199,"s":[6465.942,-6591.741,0],"to":[0,0,0],"ti":[0,0,0]},{"i":{"x":0.667,"y":1},"o":{"x":0.167,"y":0},"t":205,"s":[6465.942,-6585.741,0],"to":[0,0,0],"ti":[0,0,0]},{"i":{"x":0.667,"y":0.667},"o":{"x":0.333,"y":0.333},"t":211,"s":[6465.942,-6591.741,0],"to":[0,0,0],"ti":[0,0,0]},{"i":{"x":0.667,"y":1},"o":{"x":0.333,"y":0},"t":217,"s":[6465.942,-6591.741,0],"to":[0,0,0],"ti":[0,0,0]},{"i":{"x":0.667,"y":1},"o":{"x":0.167,"y":0},"t":223,"s":[6465.942,-6585.741,0],"to":[0,0,0],"ti":[0,0,0]},{"i":{"x":0.667,"y":0.667},"o":{"x":0.333,"y":0.333},"t":229,"s":[6465.942,-6591.741,0],"to":[0,0,0],"ti":[0,0,0]},{"i":{"x":0.667,"y":1},"o":{"x":0.333,"y":0},"t":235,"s":[6465.942,-6591.741,0],"to":[0,0,0],"ti":[0,0,0]},{"i":{"x":0.667,"y":1},"o":{"x":0.167,"y":0},"t":241,"s":[6465.942,-6585.741,0],"to":[0,0,0],"ti":[0,0,0]},{"i":{"x":0.667,"y":0.667},"o":{"x":0.333,"y":0.333},"t":247,"s":[6465.942,-6591.741,0],"to":[0,0,0],"ti":[0,0,0]},{"i":{"x":0.667,"y":1},"o":{"x":0.333,"y":0},"t":252,"s":[6465.942,-6591.741,0],"to":[0,0,0],"ti":[0,0,0]},{"i":{"x":0.667,"y":1},"o":{"x":0.167,"y":0},"t":258,"s":[6465.942,-6585.741,0],"to":[0,0,0],"ti":[0,0,0]},{"i":{"x":0.667,"y":0.667},"o":{"x":0.333,"y":0.333},"t":264,"s":[6465.942,-6591.741,0],"to":[0,0,0],"ti":[0,0,0]},{"i":{"x":0.667,"y":1},"o":{"x":0.333,"y":0},"t":270,"s":[6465.942,-6591.741,0],"to":[0,0,0],"ti":[0,0,0]},{"i":{"x":0.667,"y":1},"o":{"x":0.167,"y":0},"t":276,"s":[6465.942,-6585.741,0],"to":[0,0,0],"ti":[0,0,0]},{"i":{"x":0.667,"y":0.667},"o":{"x":0.333,"y":0.333},"t":282,"s":[6465.942,-6591.741,0],"to":[0,0,0],"ti":[0,0,0]},{"i":{"x":0.667,"y":1},"o":{"x":0.333,"y":0},"t":288,"s":[6465.942,-6591.741,0],"to":[0,0,0],"ti":[0,0,0]},{"i":{"x":0.667,"y":1},"o":{"x":0.167,"y":0},"t":294,"s":[6465.942,-6585.741,0],"to":[0,0,0],"ti":[0,0,0]},{"t":300.00001221925,"s":[6465.942,-6591.741,0]}],"ix":2,"l":2},"a":{"a":0,"k":[6262.942,-6636.74,0],"ix":1,"l":2},"s":{"a":0,"k":[100,100,100],"ix":6,"l":2}},"ao":0,"shapes":[{"ty":"gr","it":[{"ind":0,"ty":"sh","ix":1,"ks":{"a":0,"k":{"i":[[0,-12.257],[-12.257,0],[0,12.256],[12.256,0]],"o":[[0,12.256],[12.256,0],[0,-12.257],[-12.257,0]],"v":[[-22.192,0],[0,22.192],[22.192,0],[0,-22.192]],"c":true},"ix":2},"nm":"Path 1","mn":"ADBE Vector Shape - Group","hd":false},{"ty":"fl","c":{"a":0,"k":[1,1,1,1],"ix":4},"o":{"a":0,"k":100,"ix":5},"r":1,"bm":0,"nm":"Fill 1","mn":"ADBE Vector Graphic - Fill","hd":false},{"ty":"tr","p":{"a":0,"k":[6262.942,-6636.74],"ix":2},"a":{"a":0,"k":[0,0],"ix":1},"s":{"a":0,"k":[100,100],"ix":3},"r":{"a":0,"k":0,"ix":6},"o":{"a":0,"k":100,"ix":7},"sk":{"a":0,"k":0,"ix":4},"sa":{"a":0,"k":0,"ix":5},"nm":"Transform"}],"nm":"Left_Arm_Shoulder_Control","np":2,"cix":2,"bm":0,"ix":1,"mn":"ADBE Vector Group","hd":false}],"ip":0,"op":2309.0000940475,"st":0,"bm":0},{"ddd":0,"ind":13,"ty":4,"nm":"Left_Arm_Shoulder","parent":12,"sr":1,"ks":{"o":{"a":0,"k":100,"ix":11},"r":{"a":0,"k":0,"ix":10},"p":{"a":0,"k":[6262.953,-6582.912,0],"ix":2,"l":2},"a":{"a":0,"k":[6262.953,-6582.913,0],"ix":1,"l":2},"s":{"a":0,"k":[100,100,100],"ix":6,"l":2}},"ao":0,"shapes":[{"ty":"gr","it":[{"ind":0,"ty":"sh","ix":1,"ks":{"a":0,"k":{"i":[[0,0],[0,0],[0,0],[0,0],[0,0],[0,0]],"o":[[0,0],[0,0],[0,0],[0,0],[0,0],[0,0]],"v":[[20.534,53.827],[22.203,-53.828],[-0.01,-53.828],[-22.203,-53.828],[-20.569,53.828],[-0.011,53.827]],"c":true},"ix":2},"nm":"Path 1","mn":"ADBE Vector Shape - Group","hd":false},{"ty":"fl","c":{"a":0,"k":[1,1,1,1],"ix":4},"o":{"a":0,"k":100,"ix":5},"r":1,"bm":0,"nm":"Fill 1","mn":"ADBE Vector Graphic - Fill","hd":false},{"ty":"tr","p":{"a":0,"k":[6262.953,-6582.913],"ix":2},"a":{"a":0,"k":[0,0],"ix":1},"s":{"a":0,"k":[100,100],"ix":3},"r":{"a":0,"k":0,"ix":6},"o":{"a":0,"k":100,"ix":7},"sk":{"a":0,"k":0,"ix":4},"sa":{"a":0,"k":0,"ix":5},"nm":"Transform"}],"nm":"Left_Arm_Shoulder","np":2,"cix":2,"bm":0,"ix":1,"mn":"ADBE Vector Group","hd":false}],"ip":0,"op":2309.0000940475,"st":0,"bm":0},{"ddd":0,"ind":14,"ty":4,"nm":"Left_Arm_Elbow","parent":15,"sr":1,"ks":{"o":{"a":0,"k":100,"ix":11},"r":{"a":0,"k":0,"ix":10},"p":{"a":0,"k":[6262.935,-6475.257,0],"ix":2,"l":2},"a":{"a":0,"k":[6262.935,-6475.257,0],"ix":1,"l":2},"s":{"a":0,"k":[100,100,100],"ix":6,"l":2}},"ao":0,"shapes":[{"ty":"gr","it":[{"ind":0,"ty":"sh","ix":1,"ks":{"a":0,"k":{"i":[[0,0],[0,0],[0,0],[0,0],[0,0]],"o":[[0,0],[0,0],[0,0],[0,0],[0,0]],"v":[[-18.917,53.828],[18.882,53.828],[20.552,-53.829],[0.008,-53.829],[-20.551,-53.828]],"c":true},"ix":2},"nm":"Path 1","mn":"ADBE Vector Shape - Group","hd":false},{"ty":"fl","c":{"a":0,"k":[1,1,1,1],"ix":4},"o":{"a":0,"k":100,"ix":5},"r":1,"bm":0,"nm":"Fill 1","mn":"ADBE Vector Graphic - Fill","hd":false},{"ty":"tr","p":{"a":0,"k":[6262.935,-6475.257],"ix":2},"a":{"a":0,"k":[0,0],"ix":1},"s":{"a":0,"k":[100,100],"ix":3},"r":{"a":0,"k":0,"ix":6},"o":{"a":0,"k":100,"ix":7},"sk":{"a":0,"k":0,"ix":4},"sa":{"a":0,"k":0,"ix":5},"nm":"Transform"}],"nm":"Left_Arm_Elbow","np":2,"cix":2,"bm":0,"ix":1,"mn":"ADBE Vector Group","hd":false}],"ip":0,"op":2309.0000940475,"st":0,"bm":0},{"ddd":0,"ind":15,"ty":4,"nm":"Left_Arm_Elbow_Control","parent":13,"sr":1,"ks":{"o":{"a":0,"k":100,"ix":11},"r":{"a":1,"k":[{"i":{"x":[0.667],"y":[1]},"o":{"x":[0.333],"y":[0]},"t":2,"s":[0]},{"i":{"x":[0.667],"y":[1]},"o":{"x":[0.333],"y":[0]},"t":20,"s":[20]},{"i":{"x":[0.833],"y":[1]},"o":{"x":[0.333],"y":[0]},"t":28,"s":[0]},{"i":{"x":[0.833],"y":[1]},"o":{"x":[0.167],"y":[0]},"t":35,"s":[89]},{"i":{"x":[0.833],"y":[1]},"o":{"x":[0.167],"y":[0]},"t":75,"s":[89]},{"i":{"x":[0.833],"y":[1]},"o":{"x":[0.167],"y":[0]},"t":79,"s":[80]},{"i":{"x":[0.833],"y":[1]},"o":{"x":[0.167],"y":[0]},"t":83,"s":[86]},{"i":{"x":[0.833],"y":[1]},"o":{"x":[0.167],"y":[0]},"t":87,"s":[93]},{"i":{"x":[0.833],"y":[1]},"o":{"x":[0.167],"y":[0]},"t":90,"s":[89]},{"i":{"x":[0.833],"y":[1]},"o":{"x":[0.167],"y":[0]},"t":94,"s":[80]},{"i":{"x":[0.833],"y":[1]},"o":{"x":[0.167],"y":[0]},"t":98,"s":[86]},{"i":{"x":[0.833],"y":[1]},"o":{"x":[0.167],"y":[0]},"t":102,"s":[93]},{"i":{"x":[0.833],"y":[1]},"o":{"x":[0.167],"y":[0]},"t":107,"s":[89]},{"i":{"x":[0.833],"y":[1]},"o":{"x":[0.167],"y":[0]},"t":111,"s":[80]},{"i":{"x":[0.833],"y":[1]},"o":{"x":[0.167],"y":[0]},"t":115,"s":[86]},{"i":{"x":[0.833],"y":[1]},"o":{"x":[0.167],"y":[0]},"t":119,"s":[93]},{"i":{"x":[0.833],"y":[1]},"o":{"x":[0.167],"y":[0]},"t":138,"s":[89]},{"i":{"x":[0.833],"y":[1]},"o":{"x":[0.167],"y":[0]},"t":142,"s":[80]},{"i":{"x":[0.833],"y":[1]},"o":{"x":[0.167],"y":[0]},"t":146,"s":[86]},{"i":{"x":[0.833],"y":[1]},"o":{"x":[0.167],"y":[0]},"t":150,"s":[93]},{"i":{"x":[0.833],"y":[1]},"o":{"x":[0.167],"y":[0]},"t":153,"s":[89]},{"i":{"x":[0.833],"y":[1]},"o":{"x":[0.167],"y":[0]},"t":157,"s":[80]},{"i":{"x":[0.833],"y":[1]},"o":{"x":[0.167],"y":[0]},"t":161,"s":[86]},{"i":{"x":[0.833],"y":[1]},"o":{"x":[0.167],"y":[0]},"t":165,"s":[93]},{"i":{"x":[0.833],"y":[1]},"o":{"x":[0.167],"y":[0]},"t":170,"s":[89]},{"i":{"x":[0.833],"y":[1]},"o":{"x":[0.167],"y":[0]},"t":174,"s":[80]},{"i":{"x":[0.833],"y":[1]},"o":{"x":[0.167],"y":[0]},"t":178,"s":[86]},{"i":{"x":[0.833],"y":[1]},"o":{"x":[0.167],"y":[0]},"t":182,"s":[93]},{"i":{"x":[0.833],"y":[1]},"o":{"x":[0.167],"y":[0]},"t":204,"s":[89]},{"i":{"x":[0.833],"y":[1]},"o":{"x":[0.167],"y":[0]},"t":208,"s":[80]},{"i":{"x":[0.833],"y":[1]},"o":{"x":[0.167],"y":[0]},"t":212,"s":[86]},{"i":{"x":[0.833],"y":[1]},"o":{"x":[0.167],"y":[0]},"t":216,"s":[93]},{"i":{"x":[0.833],"y":[1]},"o":{"x":[0.167],"y":[0]},"t":219,"s":[89]},{"i":{"x":[0.833],"y":[1]},"o":{"x":[0.167],"y":[0]},"t":223,"s":[80]},{"i":{"x":[0.833],"y":[1]},"o":{"x":[0.167],"y":[0]},"t":227,"s":[86]},{"i":{"x":[0.833],"y":[1]},"o":{"x":[0.167],"y":[0]},"t":231,"s":[93]},{"i":{"x":[0.833],"y":[1]},"o":{"x":[0.167],"y":[0]},"t":236,"s":[89]},{"i":{"x":[0.833],"y":[1]},"o":{"x":[0.167],"y":[0]},"t":240,"s":[80]},{"i":{"x":[0.833],"y":[1]},"o":{"x":[0.167],"y":[0]},"t":244,"s":[86]},{"i":{"x":[0.833],"y":[1]},"o":{"x":[0.167],"y":[0]},"t":248,"s":[93]},{"i":{"x":[0.833],"y":[1]},"o":{"x":[0.167],"y":[0]},"t":256,"s":[89]},{"i":{"x":[0.833],"y":[1]},"o":{"x":[0.167],"y":[0]},"t":260,"s":[80]},{"i":{"x":[0.833],"y":[1]},"o":{"x":[0.167],"y":[0]},"t":264,"s":[86]},{"i":{"x":[0.833],"y":[1]},"o":{"x":[0.167],"y":[0]},"t":268,"s":[93]},{"i":{"x":[0.833],"y":[1]},"o":{"x":[0.167],"y":[0]},"t":271,"s":[89]},{"i":{"x":[0.833],"y":[1]},"o":{"x":[0.167],"y":[0]},"t":275,"s":[80]},{"i":{"x":[0.833],"y":[1]},"o":{"x":[0.167],"y":[0]},"t":279,"s":[86]},{"i":{"x":[0.833],"y":[1]},"o":{"x":[0.167],"y":[0]},"t":283,"s":[93]},{"i":{"x":[0.833],"y":[1]},"o":{"x":[0.167],"y":[0]},"t":288,"s":[89]},{"i":{"x":[0.833],"y":[1]},"o":{"x":[0.167],"y":[0]},"t":292,"s":[80]},{"i":{"x":[0.833],"y":[1]},"o":{"x":[0.167],"y":[0]},"t":296,"s":[86]},{"t":300.00001221925,"s":[93]}],"ix":10},"p":{"a":0,"k":[6262.953,-6529.084,0],"ix":2,"l":2},"a":{"a":0,"k":[6262.953,-6529.084,0],"ix":1,"l":2},"s":{"a":0,"k":[100,100,100],"ix":6,"l":2}},"ao":0,"shapes":[{"ty":"gr","it":[{"ind":0,"ty":"sh","ix":1,"ks":{"a":0,"k":{"i":[[0,-11.36],[-11.36,0],[0,11.36],[11.36,0]],"o":[[0,11.36],[11.36,0],[0,-11.36],[-11.36,0]],"v":[[-20.569,0],[0,20.569],[20.569,0],[0,-20.569]],"c":true},"ix":2},"nm":"Path 1","mn":"ADBE Vector Shape - Group","hd":false},{"ty":"fl","c":{"a":0,"k":[1,1,1,1],"ix":4},"o":{"a":0,"k":100,"ix":5},"r":1,"bm":0,"nm":"Fill 1","mn":"ADBE Vector Graphic - Fill","hd":false},{"ty":"tr","p":{"a":0,"k":[6262.953,-6529.084],"ix":2},"a":{"a":0,"k":[0,0],"ix":1},"s":{"a":0,"k":[100,100],"ix":3},"r":{"a":0,"k":0,"ix":6},"o":{"a":0,"k":100,"ix":7},"sk":{"a":0,"k":0,"ix":4},"sa":{"a":0,"k":0,"ix":5},"nm":"Transform"}],"nm":"Left_Arm_Elbow_Control","np":2,"cix":2,"bm":0,"ix":1,"mn":"ADBE Vector Group","hd":false}],"ip":0,"op":2309.0000940475,"st":0,"bm":0},{"ddd":0,"ind":16,"ty":4,"nm":"Left_Arm_Hand_Control","parent":14,"sr":1,"ks":{"o":{"a":0,"k":100,"ix":11},"r":{"a":1,"k":[{"i":{"x":[0.667],"y":[1]},"o":{"x":[0.333],"y":[0]},"t":3,"s":[0]},{"i":{"x":[0.667],"y":[1]},"o":{"x":[0.333],"y":[0]},"t":21,"s":[9]},{"i":{"x":[0.833],"y":[1]},"o":{"x":[0.333],"y":[0]},"t":29,"s":[0]},{"t":36.0000014663101,"s":[3]}],"ix":10},"p":{"a":0,"k":[6262.942,-6421.428,0],"ix":2,"l":2},"a":{"a":0,"k":[6262.942,-6421.429,0],"ix":1,"l":2},"s":{"a":0,"k":[100,100,100],"ix":6,"l":2}},"ao":0,"shapes":[{"ty":"gr","it":[{"ind":0,"ty":"sh","ix":1,"ks":{"a":0,"k":{"i":[[0,-9.445],[-9.445,0],[0,9.445],[9.445,0]],"o":[[0,9.445],[9.445,0],[0,-9.445],[-9.445,0]],"v":[[-17.102,0],[0,17.102],[17.102,0],[0,-17.102]],"c":true},"ix":2},"nm":"Path 1","mn":"ADBE Vector Shape - Group","hd":false},{"ty":"fl","c":{"a":0,"k":[1,0.694117665291,0.647058844566,1],"ix":4},"o":{"a":0,"k":100,"ix":5},"r":1,"bm":0,"nm":"Fill 1","mn":"ADBE Vector Graphic - Fill","hd":false},{"ty":"tr","p":{"a":0,"k":[6262.942,-6421.429],"ix":2},"a":{"a":0,"k":[0,0],"ix":1},"s":{"a":0,"k":[100,100],"ix":3},"r":{"a":0,"k":0,"ix":6},"o":{"a":0,"k":100,"ix":7},"sk":{"a":0,"k":0,"ix":4},"sa":{"a":0,"k":0,"ix":5},"nm":"Transform"}],"nm":"Left_Arm_Hand_Control","np":2,"cix":2,"bm":0,"ix":1,"mn":"ADBE Vector Group","hd":false}],"ip":0,"op":2309.0000940475,"st":0,"bm":0},{"ddd":0,"ind":17,"ty":4,"nm":"Left_Arm_Hand","parent":16,"sr":1,"ks":{"o":{"a":0,"k":100,"ix":11},"r":{"a":0,"k":0,"ix":10},"p":{"a":0,"k":[6262.968,-6395.826,0],"ix":2,"l":2},"a":{"a":0,"k":[6262.968,-6395.826,0],"ix":1,"l":2},"s":{"a":0,"k":[100,100,100],"ix":6,"l":2}},"ao":0,"shapes":[{"ty":"gr","it":[{"ind":0,"ty":"sh","ix":1,"ks":{"a":0,"k":{"i":[[3.222,27.658],[0,0],[0,0],[-0.076,-4.069],[-3.116,0.012],[-0.185,3.731],[-11.186,1.992]],"o":[[0,0],[0,0],[0,0],[0.092,4.847],[2.912,-0.011],[-0.087,4.818],[12.971,-2.31]],"v":[[16.938,-25.624],[-0.159,-25.624],[-17.264,-25.624],[-17.207,-6.196],[-12.37,3.591],[-7.677,-5.473],[6.22,14.25]],"c":true},"ix":2},"nm":"Path 1","mn":"ADBE Vector Shape - Group","hd":false},{"ty":"fl","c":{"a":0,"k":[1,0.694117665291,0.647058844566,1],"ix":4},"o":{"a":0,"k":100,"ix":5},"r":1,"bm":0,"nm":"Fill 1","mn":"ADBE Vector Graphic - Fill","hd":false},{"ty":"tr","p":{"a":0,"k":[6263.106,-6395.805],"ix":2},"a":{"a":0,"k":[0,0],"ix":1},"s":{"a":0,"k":[100,100],"ix":3},"r":{"a":0,"k":0,"ix":6},"o":{"a":0,"k":100,"ix":7},"sk":{"a":0,"k":0,"ix":4},"sa":{"a":0,"k":0,"ix":5},"nm":"Transform"}],"nm":"Left_Arm_Hand","np":2,"cix":2,"bm":0,"ix":1,"mn":"ADBE Vector Group","hd":false}],"ip":0,"op":2309.0000940475,"st":0,"bm":0},{"ddd":0,"ind":18,"ty":4,"nm":"Body","sr":1,"ks":{"o":{"a":0,"k":100,"ix":11},"r":{"a":1,"k":[{"i":{"x":[0.667],"y":[1]},"o":{"x":[0.333],"y":[0]},"t":0,"s":[4]},{"i":{"x":[0.667],"y":[1]},"o":{"x":[0.333],"y":[0]},"t":18,"s":[-3]},{"t":26.0000010590017,"s":[0]}],"ix":10},"p":{"a":1,"k":[{"i":{"x":0.45,"y":1},"o":{"x":0.333,"y":0},"t":0,"s":[954.243,1687.135,0],"to":[0,0,0],"ti":[0,0,0]},{"i":{"x":0.667,"y":1},"o":{"x":0.55,"y":0},"t":18,"s":[954.243,538.135,0],"to":[0,0,0],"ti":[0,0,0]},{"t":26.0000010590017,"s":[954.243,752.868,0]}],"ix":2,"l":2},"a":{"a":0,"k":[6364.243,-6342.865,0],"ix":1,"l":2},"s":{"a":0,"k":[100,100,100],"ix":6,"l":2}},"ao":0,"shapes":[{"ty":"gr","it":[{"ind":0,"ty":"sh","ix":1,"ks":{"a":0,"k":{"i":[[0,0],[0,0],[0,0],[0,0]],"o":[[0,0],[0,0],[0,0],[0,0]],"v":[[16.113,-17.962],[7.804,-29.271],[-16.112,2.242],[-5.215,29.271]],"c":true},"ix":2},"nm":"Path 1","mn":"ADBE Vector Shape - Group","hd":false},{"ty":"fl","c":{"a":0,"k":[0.894000004787,0.957000014361,0.991999966491,1],"ix":4},"o":{"a":0,"k":100,"ix":5},"r":1,"bm":0,"nm":"Fill 1","mn":"ADBE Vector Graphic - Fill","hd":false},{"ty":"tr","p":{"a":0,"k":[6388.933,-6630.105],"ix":2},"a":{"a":0,"k":[0,0],"ix":1},"s":{"a":0,"k":[100,100],"ix":3},"r":{"a":0,"k":0,"ix":6},"o":{"a":0,"k":100,"ix":7},"sk":{"a":0,"k":0,"ix":4},"sa":{"a":0,"k":0,"ix":5},"nm":"Transform"}],"nm":"Group 6","np":2,"cix":2,"bm":0,"ix":1,"mn":"ADBE Vector Group","hd":false},{"ty":"gr","it":[{"ind":0,"ty":"sh","ix":1,"ks":{"a":0,"k":{"i":[[0,0],[0,0],[0,0],[0,0]],"o":[[0,0],[0,0],[0,0],[0,0]],"v":[[-16.112,-17.962],[-7.804,-29.271],[16.112,2.242],[5.215,29.271]],"c":true},"ix":2},"nm":"Path 1","mn":"ADBE Vector Shape - Group","hd":false},{"ty":"fl","c":{"a":0,"k":[0.894000004787,0.957000014361,0.991999966491,1],"ix":4},"o":{"a":0,"k":100,"ix":5},"r":1,"bm":0,"nm":"Fill 1","mn":"ADBE Vector Graphic - Fill","hd":false},{"ty":"tr","p":{"a":0,"k":[6339.574,-6630.105],"ix":2},"a":{"a":0,"k":[0,0],"ix":1},"s":{"a":0,"k":[100,100],"ix":3},"r":{"a":0,"k":0,"ix":6},"o":{"a":0,"k":100,"ix":7},"sk":{"a":0,"k":0,"ix":4},"sa":{"a":0,"k":0,"ix":5},"nm":"Transform"}],"nm":"Group 7","np":2,"cix":2,"bm":0,"ix":2,"mn":"ADBE Vector Group","hd":false},{"ty":"gr","it":[{"ind":0,"ty":"sh","ix":1,"ks":{"a":0,"k":{"i":[[0,0],[6.829,0.012],[0,0],[-0.542,-7.095],[0,0],[0,0],[-0.579,6.792]],"o":[[0,0],[-6.828,-0.013],[0,0],[0.551,7.195],[0,0],[0,0],[0.538,-6.313]],"v":[[11.494,-10.988],[0.001,-11.954],[-11.49,-10.988],[-12.458,0.49],[-9.554,11.967],[9.558,11.967],[12.461,0.49]],"c":true},"ix":2},"nm":"Path 1","mn":"ADBE Vector Shape - Group","hd":false},{"ty":"fl","c":{"a":0,"k":[0.5450980392156862,0.3411764705882353,0.16470588235294117,1],"ix":4},"o":{"a":0,"k":100,"ix":5},"r":1,"bm":0,"nm":"Fill 1","mn":"ADBE Vector Graphic - Fill","hd":false},{"ty":"tr","p":{"a":0,"k":[6364.252,-6611.097],"ix":2},"a":{"a":0,"k":[0,0],"ix":1},"s":{"a":0,"k":[100,100],"ix":3},"r":{"a":0,"k":0,"ix":6},"o":{"a":0,"k":100,"ix":7},"sk":{"a":0,"k":0,"ix":4},"sa":{"a":0,"k":0,"ix":5},"nm":"Transform"}],"nm":"Group 9","np":2,"cix":2,"bm":0,"ix":3,"mn":"ADBE Vector Group","hd":false},{"ty":"gr","it":[{"ind":0,"ty":"sh","ix":1,"ks":{"a":0,"k":{"i":[[0,0],[0,0],[0,0],[0,0],[0,0]],"o":[[0,0],[0,0],[0,0],[0,0],[0,0]],"v":[[9.013,-90.24],[-10.1,-90.24],[-24.333,63.985],[-0.544,90.24],[24.333,63.985]],"c":true},"ix":2},"nm":"Path 1","mn":"ADBE Vector Shape - Group","hd":false},{"ty":"fl","c":{"a":0,"k":[0.5450980392156862,0.3411764705882353,0.16470588235294117,1],"ix":4},"o":{"a":0,"k":100,"ix":5},"r":1,"bm":0,"nm":"Fill 1","mn":"ADBE Vector Graphic - Fill","hd":false},{"ty":"tr","p":{"a":0,"k":[6364.797,-6508.89],"ix":2},"a":{"a":0,"k":[0,0],"ix":1},"s":{"a":0,"k":[100,100],"ix":3},"r":{"a":0,"k":0,"ix":6},"o":{"a":0,"k":100,"ix":7},"sk":{"a":0,"k":0,"ix":4},"sa":{"a":0,"k":0,"ix":5},"nm":"Transform"}],"nm":"Group 10","np":2,"cix":2,"bm":0,"ix":4,"mn":"ADBE Vector Group","hd":false},{"ty":"gr","it":[{"ind":0,"ty":"sh","ix":1,"ks":{"a":0,"k":{"i":[[0,0],[0,0],[0,0],[0,0]],"o":[[0,0],[0,0],[0,0],[0,0]],"v":[[11.232,7.247],[-11.232,7.247],[-11.232,-7.247],[11.232,-7.247]],"c":true},"ix":2},"nm":"Path 1","mn":"ADBE Vector Shape - Group","hd":false},{"ind":1,"ty":"sh","ix":2,"ks":{"a":0,"k":{"i":[[0,0],[0,0],[0,0],[0,0]],"o":[[0,0],[0,0],[0,0],[0,0]],"v":[[-16.079,10.374],[16.079,10.374],[16.079,-10.374],[-16.079,-10.374]],"c":true},"ix":2},"nm":"Path 2","mn":"ADBE Vector Shape - Group","hd":false},{"ty":"mm","mm":1,"nm":"Merge Paths 1","mn":"ADBE Vector Filter - Merge","hd":false},{"ty":"fl","c":{"a":0,"k":[0.361000001197,0.375999989229,0.4,1],"ix":4},"o":{"a":0,"k":100,"ix":5},"r":1,"bm":0,"nm":"Fill 1","mn":"ADBE Vector Graphic - Fill","hd":false},{"ty":"tr","p":{"a":0,"k":[6364.908,-6411.184],"ix":2},"a":{"a":0,"k":[0,0],"ix":1},"s":{"a":0,"k":[100,100],"ix":3},"r":{"a":0,"k":0,"ix":6},"o":{"a":0,"k":100,"ix":7},"sk":{"a":0,"k":0,"ix":4},"sa":{"a":0,"k":0,"ix":5},"nm":"Transform"}],"nm":"Group 13","np":4,"cix":2,"bm":0,"ix":5,"mn":"ADBE Vector Group","hd":false},{"ty":"gr","it":[{"ind":0,"ty":"sh","ix":1,"ks":{"a":0,"k":{"i":[[0,0],[0,0],[0,0],[0,0]],"o":[[0,0],[0,0],[0,0],[0,0]],"v":[[74.779,7.278],[-78.279,7.158],[-78.279,-7.398],[74.779,-7.278]],"c":true},"ix":2},"nm":"Path 1","mn":"ADBE Vector Shape - Group","hd":false},{"ty":"fl","c":{"a":0,"k":[0.097999999102,0.097999999102,0.097999999102,1],"ix":4},"o":{"a":0,"k":100,"ix":5},"r":1,"bm":0,"nm":"Fill 1","mn":"ADBE Vector Graphic - Fill","hd":false},{"ty":"tr","p":{"a":0,"k":[6364.908,-6411.184],"ix":2},"a":{"a":0,"k":[0,0],"ix":1},"s":{"a":0,"k":[100,100],"ix":3},"r":{"a":0,"k":0,"ix":6},"o":{"a":0,"k":100,"ix":7},"sk":{"a":0,"k":0,"ix":4},"sa":{"a":0,"k":0,"ix":5},"nm":"Transform"}],"nm":"Group 14","np":2,"cix":2,"bm":0,"ix":6,"mn":"ADBE Vector Group","hd":false},{"ty":"gr","it":[{"ind":0,"ty":"sh","ix":1,"ks":{"a":0,"k":{"i":[[0,11.521],[3.686,3.809],[0.021,0.022],[0,0],[0,0],[0,0],[20.867,-21.821],[0,-6.772],[-11.704,0],[-0.753,-7.943],[0,0],[0,0],[0,0],[0,0],[-9.985,0],[-0.17,0.015]],"o":[[0,-5.719],[-0.02,-0.028],[-19.24,-22.711],[0,0],[0,0],[0,0],[-4.945,3.879],[0,11.704],[9.985,0],[0,0],[0,0],[0,0],[0,0],[0.754,-7.943],[0.172,0],[11.455,-0.273]],"v":[[118.195,-63.521],[112.231,-78.229],[112.174,-78.322],[33.573,-118.996],[0.11,-78.753],[-33.501,-118.996],[-110.062,-80.188],[-118.196,-63.521],[-97.004,-42.328],[-73.27,61.067],[-78.27,112.886],[0.009,118.996],[74.788,113.006],[73.288,61.067],[97.023,-42.328],[97.532,-42.374]],"c":true},"ix":2},"nm":"Path 1","mn":"ADBE Vector Shape - Group","hd":false},{"ty":"fl","c":{"a":0,"k":[1,1,1,1],"ix":4},"o":{"a":0,"k":100,"ix":5},"r":1,"bm":0,"nm":"Fill 1","mn":"ADBE Vector Graphic - Fill","hd":false},{"ty":"tr","p":{"a":0,"k":[6364.898,-6531.468],"ix":2},"a":{"a":0,"k":[0,0],"ix":1},"s":{"a":0,"k":[100,100],"ix":3},"r":{"a":0,"k":0,"ix":6},"o":{"a":0,"k":100,"ix":7},"sk":{"a":0,"k":0,"ix":4},"sa":{"a":0,"k":0,"ix":5},"nm":"Transform"}],"nm":"Body","np":2,"cix":2,"bm":0,"ix":7,"mn":"ADBE Vector Group","hd":false},{"ty":"gr","it":[{"ind":0,"ty":"sh","ix":1,"ks":{"a":0,"k":{"i":[[0,0],[0,0],[0,0],[0,0]],"o":[[0,0],[0,0],[0,0],[0,0]],"v":[[74.808,41.88],[-78.25,41.76],[-78.279,-28.75],[74.779,-28.63]],"c":true},"ix":2},"nm":"Path 1","mn":"ADBE Vector Shape - Group","hd":false},{"ty":"fl","c":{"a":0,"k":[0.13300000359,0.141000007181,0.149000010771,1],"ix":4},"o":{"a":0,"k":100,"ix":5},"r":1,"bm":0,"nm":"Fill 1","mn":"ADBE Vector Graphic - Fill","hd":false},{"ty":"tr","p":{"a":0,"k":[6364.908,-6383.791],"ix":2},"a":{"a":0,"k":[0,0],"ix":1},"s":{"a":0,"k":[100,100],"ix":3},"r":{"a":0,"k":0,"ix":6},"o":{"a":0,"k":100,"ix":7},"sk":{"a":0,"k":0,"ix":4},"sa":{"a":0,"k":0,"ix":5},"nm":"Transform"}],"nm":"Group 15","np":2,"cix":2,"bm":0,"ix":8,"mn":"ADBE Vector Group","hd":false}],"ip":0,"op":2309.0000940475,"st":0,"bm":0},{"ddd":0,"ind":19,"ty":4,"nm":"Right_Leg_Thigh","parent":21,"sr":1,"ks":{"o":{"a":0,"k":100,"ix":11},"r":{"a":0,"k":0,"ix":10},"p":{"a":0,"k":[6285.05,-6555.335,0],"ix":2,"l":2},"a":{"a":0,"k":[6285.05,-6555.335,0],"ix":1,"l":2},"s":{"a":0,"k":[100,100,100],"ix":6,"l":2}},"ao":0,"shapes":[{"ty":"gr","it":[{"ind":0,"ty":"sh","ix":1,"ks":{"a":0,"k":{"i":[[0,0],[0,0],[0,0],[0,0],[0,0],[0,0]],"o":[[0,0],[0,0],[0,0],[0,0],[0,0],[0,0]],"v":[[30.273,66.019],[37.608,-66.019],[0,-66.019],[-37.608,-66.019],[-31.039,66.019],[0,66.019]],"c":true},"ix":2},"nm":"Path 1","mn":"ADBE Vector Shape - Group","hd":false},{"ty":"fl","c":{"a":0,"k":[0.156862750649,0.156862750649,0.156862750649,1],"ix":4},"o":{"a":0,"k":100,"ix":5},"r":1,"bm":0,"nm":"Fill 1","mn":"ADBE Vector Graphic - Fill","hd":false},{"ty":"tr","p":{"a":0,"k":[6285.05,-6555.335],"ix":2},"a":{"a":0,"k":[0,0],"ix":1},"s":{"a":0,"k":[100,100],"ix":3},"r":{"a":0,"k":0,"ix":6},"o":{"a":0,"k":100,"ix":7},"sk":{"a":0,"k":0,"ix":4},"sa":{"a":0,"k":0,"ix":5},"nm":"Transform"}],"nm":"Right_Leg_Thigh","np":2,"cix":2,"bm":0,"ix":1,"mn":"ADBE Vector Group","hd":false}],"ip":0,"op":2309.0000940475,"st":0,"bm":0},{"ddd":0,"ind":20,"ty":4,"nm":"Right_Leg_Knee","parent":22,"sr":1,"ks":{"o":{"a":0,"k":100,"ix":11},"r":{"a":0,"k":0,"ix":10},"p":{"a":0,"k":[6285.05,-6400.064,0],"ix":2,"l":2},"a":{"a":0,"k":[6285.05,-6400.064,0],"ix":1,"l":2},"s":{"a":0,"k":[100,100,100],"ix":6,"l":2}},"ao":0,"shapes":[{"ty":"gr","it":[{"ind":0,"ty":"sh","ix":1,"ks":{"a":0,"k":{"i":[[0,0],[0,0],[0,0],[0,0],[0,0],[0,0]],"o":[[0,0],[0,0],[0,0],[0,0],[0,0],[0,0]],"v":[[-30.976,-89.252],[-21.882,89.253],[0,89.253],[22.227,89.006],[30.707,-89.252],[0,-89.252]],"c":true},"ix":2},"nm":"Path 1","mn":"ADBE Vector Shape - Group","hd":false},{"ty":"fl","c":{"a":0,"k":[0.156862750649,0.156862750649,0.156862750649,1],"ix":4},"o":{"a":0,"k":100,"ix":5},"r":1,"bm":0,"nm":"Fill 1","mn":"ADBE Vector Graphic - Fill","hd":false},{"ty":"tr","p":{"a":0,"k":[6285.05,-6400.064],"ix":2},"a":{"a":0,"k":[0,0],"ix":1},"s":{"a":0,"k":[100,100],"ix":3},"r":{"a":0,"k":0,"ix":6},"o":{"a":0,"k":100,"ix":7},"sk":{"a":0,"k":0,"ix":4},"sa":{"a":0,"k":0,"ix":5},"nm":"Transform"}],"nm":"Right_Leg_Knee","np":2,"cix":2,"bm":0,"ix":1,"mn":"ADBE Vector Group","hd":false}],"ip":0,"op":2309.0000940475,"st":0,"bm":0},{"ddd":0,"ind":21,"ty":4,"nm":"Right_Leg_Thigh_Control","parent":18,"sr":1,"ks":{"o":{"a":0,"k":100,"ix":11},"r":{"a":1,"k":[{"i":{"x":[0.667],"y":[1]},"o":{"x":[0.333],"y":[0]},"t":0,"s":[0]},{"i":{"x":[0.667],"y":[1]},"o":{"x":[0.333],"y":[0]},"t":18,"s":[14]},{"t":40.0000016292334,"s":[82]}],"ix":10},"p":{"a":0,"k":[6326.05,-6340.354,0],"ix":2,"l":2},"a":{"a":0,"k":[6285.05,-6621.354,0],"ix":1,"l":2},"s":{"a":0,"k":[100,100,100],"ix":6,"l":2}},"ao":0,"shapes":[{"ty":"gr","it":[{"ind":0,"ty":"sh","ix":1,"ks":{"a":0,"k":{"i":[[0,-20.77],[-20.77,0],[0,20.771],[20.77,0]],"o":[[0,20.771],[20.77,0],[0,-20.77],[-20.77,0]],"v":[[-37.608,-0.001],[0,37.607],[37.608,-0.001],[0,-37.608]],"c":true},"ix":2},"nm":"Path 1","mn":"ADBE Vector Shape - Group","hd":false},{"ty":"fl","c":{"a":0,"k":[0.156862750649,0.156862750649,0.156862750649,1],"ix":4},"o":{"a":0,"k":100,"ix":5},"r":1,"bm":0,"nm":"Fill 1","mn":"ADBE Vector Graphic - Fill","hd":false},{"ty":"tr","p":{"a":0,"k":[6285.05,-6621.354],"ix":2},"a":{"a":0,"k":[0,0],"ix":1},"s":{"a":0,"k":[100,100],"ix":3},"r":{"a":0,"k":0,"ix":6},"o":{"a":0,"k":100,"ix":7},"sk":{"a":0,"k":0,"ix":4},"sa":{"a":0,"k":0,"ix":5},"nm":"Transform"}],"nm":"Right_Leg_Thigh_Control","np":2,"cix":2,"bm":0,"ix":1,"mn":"ADBE Vector Group","hd":false}],"ip":0,"op":2309.0000940475,"st":0,"bm":0},{"ddd":0,"ind":22,"ty":4,"nm":"Right_Leg_Knee_Control","parent":19,"sr":1,"ks":{"o":{"a":0,"k":100,"ix":11},"r":{"a":1,"k":[{"i":{"x":[0.667],"y":[1]},"o":{"x":[0.333],"y":[0]},"t":0,"s":[0]},{"i":{"x":[0.667],"y":[1]},"o":{"x":[0.333],"y":[0]},"t":18,"s":[-19]},{"t":40.0000016292334,"s":[-164]}],"ix":10},"p":{"a":0,"k":[6285.05,-6489.317,0],"ix":2,"l":2},"a":{"a":0,"k":[6285.05,-6489.316,0],"ix":1,"l":2},"s":{"a":0,"k":[100,100,100],"ix":6,"l":2}},"ao":0,"shapes":[{"ty":"gr","it":[{"ind":0,"ty":"sh","ix":1,"ks":{"a":0,"k":{"i":[[0,-19.628],[19.628,0],[0,19.627],[-19.628,0]],"o":[[0,19.627],[-19.628,0],[0,-19.628],[19.628,0]],"v":[[35.539,0],[0,35.539],[-35.539,0],[0,-35.54]],"c":true},"ix":2},"nm":"Path 1","mn":"ADBE Vector Shape - Group","hd":false},{"ty":"fl","c":{"a":0,"k":[0.156862750649,0.156862750649,0.156862750649,1],"ix":4},"o":{"a":0,"k":100,"ix":5},"r":1,"bm":0,"nm":"Fill 1","mn":"ADBE Vector Graphic - Fill","hd":false},{"ty":"tr","p":{"a":0,"k":[6285.05,-6489.316],"ix":2},"a":{"a":0,"k":[0,0],"ix":1},"s":{"a":0,"k":[87.998,87.998],"ix":3},"r":{"a":0,"k":0,"ix":6},"o":{"a":0,"k":100,"ix":7},"sk":{"a":0,"k":0,"ix":4},"sa":{"a":0,"k":0,"ix":5},"nm":"Transform"}],"nm":"Right_Leg_Knee_Control","np":2,"cix":2,"bm":0,"ix":1,"mn":"ADBE Vector Group","hd":false}],"ip":0,"op":2309.0000940475,"st":0,"bm":0},{"ddd":0,"ind":23,"ty":4,"nm":"Right_Leg_Foot","parent":24,"sr":1,"ks":{"o":{"a":0,"k":100,"ix":11},"r":{"a":0,"k":0,"ix":10},"p":{"a":0,"k":[6269.762,-6300.871,0],"ix":2,"l":2},"a":{"a":0,"k":[6279.762,-6300.871,0],"ix":1,"l":2},"s":{"a":0,"k":[100,100,100],"ix":6,"l":2}},"ao":0,"shapes":[{"ty":"gr","it":[{"ind":0,"ty":"sh","ix":1,"ks":{"a":0,"k":{"i":[[-10.091,0],[-0.339,0.005],[0,0],[0,0],[0,0],[0,0]],"o":[[0.322,0],[0,0],[0,0],[0,0],[0,0],[0,0]],"v":[[-28.191,-9.932],[-27.201,-9.94],[38.283,-9.94],[38.283,9.94],[-37.772,9.94],[-37.772,0.004]],"c":true},"ix":2},"nm":"Path 1","mn":"ADBE Vector Shape - Group","hd":false},{"ty":"fl","c":{"a":0,"k":[0.4,0.313999998803,0.294000004787,1],"ix":4},"o":{"a":0,"k":100,"ix":5},"r":1,"bm":0,"nm":"Fill 1","mn":"ADBE Vector Graphic - Fill","hd":false},{"ty":"tr","p":{"a":0,"k":[6279.509,-6300.871],"ix":2},"a":{"a":0,"k":[0,0],"ix":1},"s":{"a":0,"k":[100,100],"ix":3},"r":{"a":0,"k":0,"ix":6},"o":{"a":0,"k":100,"ix":7},"sk":{"a":0,"k":0,"ix":4},"sa":{"a":0,"k":0,"ix":5},"nm":"Transform"}],"nm":"Right_Leg_Foot","np":2,"cix":2,"bm":0,"ix":1,"mn":"ADBE Vector Group","hd":false}],"ip":0,"op":2309.0000940475,"st":0,"bm":0},{"ddd":0,"ind":24,"ty":4,"nm":"Right_Leg_Foot_Control","parent":20,"sr":1,"ks":{"o":{"a":0,"k":100,"ix":11},"r":{"a":1,"k":[{"i":{"x":[0.667],"y":[1]},"o":{"x":[0.333],"y":[0]},"t":0,"s":[0]},{"i":{"x":[0.667],"y":[1]},"o":{"x":[0.333],"y":[0]},"t":18,"s":[-13]},{"t":40.0000016292334,"s":[-20]}],"ix":10},"p":{"a":0,"k":[6285.05,-6317.24,0],"ix":2,"l":2},"a":{"a":0,"k":[6285.05,-6317.24,0],"ix":1,"l":2},"s":{"a":0,"k":[100,100,100],"ix":6,"l":2}},"ao":0,"shapes":[{"ty":"gr","it":[{"ind":0,"ty":"sh","ix":1,"ks":{"a":0,"k":{"i":[[0,-18.083],[4.218,-5.512],[0,0],[0,7.479],[-18.083,0]],"o":[[0,7.477],[0,0],[-4.22,-5.513],[0,-18.083],[18.083,0]],"v":[[32.742,6.428],[26.018,26.31],[-26.015,26.313],[-32.742,6.428],[0,-26.313]],"c":true},"ix":2},"nm":"Path 1","mn":"ADBE Vector Shape - Group","hd":false},{"ty":"fl","c":{"a":0,"k":[0.156862750649,0.156862750649,0.156862750649,1],"ix":4},"o":{"a":0,"k":100,"ix":5},"r":1,"bm":0,"nm":"Fill 1","mn":"ADBE Vector Graphic - Fill","hd":false},{"ty":"tr","p":{"a":0,"k":[6285.05,-6309.74],"ix":2},"a":{"a":0,"k":[0,0],"ix":1},"s":{"a":0,"k":[70.826,70.826],"ix":3},"r":{"a":0,"k":0,"ix":6},"o":{"a":0,"k":100,"ix":7},"sk":{"a":0,"k":0,"ix":4},"sa":{"a":0,"k":0,"ix":5},"nm":"Transform"}],"nm":"Right_Leg_Foot_Control","np":2,"cix":2,"bm":0,"ix":1,"mn":"ADBE Vector Group","hd":false}],"ip":0,"op":2309.0000940475,"st":0,"bm":0},{"ddd":0,"ind":25,"ty":4,"nm":"Left_Leg_Thigh","parent":27,"sr":1,"ks":{"o":{"a":0,"k":100,"ix":11},"r":{"a":0,"k":0,"ix":10},"p":{"a":0,"k":[6285.05,-6555.335,0],"ix":2,"l":2},"a":{"a":0,"k":[6278.358,-6555.335,0],"ix":1,"l":2},"s":{"a":0,"k":[100,100,100],"ix":6,"l":2}},"ao":0,"shapes":[{"ty":"gr","it":[{"ind":0,"ty":"sh","ix":1,"ks":{"a":0,"k":{"i":[[0,0],[0,0],[0,0],[0,0],[0,0],[0,0]],"o":[[0,0],[0,0],[0,0],[0,0],[0,0],[0,0]],"v":[[30.215,66.019],[37.55,-66.019],[-0.058,-66.019],[-37.667,-66.019],[-31.097,66.019],[-0.058,66.019]],"c":true},"ix":2},"nm":"Path 1","mn":"ADBE Vector Shape - Group","hd":false},{"ty":"fl","c":{"a":0,"k":[0.156862750649,0.156862750649,0.156862750649,1],"ix":4},"o":{"a":0,"k":100,"ix":5},"r":1,"bm":0,"nm":"Fill 1","mn":"ADBE Vector Graphic - Fill","hd":false},{"ty":"tr","p":{"a":0,"k":[6278.983,-6555.335],"ix":2},"a":{"a":0,"k":[0,0],"ix":1},"s":{"a":0,"k":[100,100],"ix":3},"r":{"a":0,"k":0,"ix":6},"o":{"a":0,"k":100,"ix":7},"sk":{"a":0,"k":0,"ix":4},"sa":{"a":0,"k":0,"ix":5},"nm":"Transform"}],"nm":"Left_Leg_Thigh","np":2,"cix":2,"bm":0,"ix":1,"mn":"ADBE Vector Group","hd":false}],"ip":0,"op":2309.0000940475,"st":0,"bm":0},{"ddd":0,"ind":26,"ty":4,"nm":"Left_Leg_Knee","parent":28,"sr":1,"ks":{"o":{"a":0,"k":100,"ix":11},"r":{"a":0,"k":0,"ix":10},"p":{"a":0,"k":[6284.608,-6400.064,0],"ix":2,"l":2},"a":{"a":0,"k":[6278.358,-6400.064,0],"ix":1,"l":2},"s":{"a":0,"k":[100,100,100],"ix":6,"l":2}},"ao":0,"shapes":[{"ty":"gr","it":[{"ind":0,"ty":"sh","ix":1,"ks":{"a":0,"k":{"i":[[0,0],[0,0],[0,0],[0,0],[0,0],[0,0]],"o":[[0,0],[0,0],[0,0],[0,0],[0,0],[0,0]],"v":[[-30.535,-89.252],[-21.441,89.253],[0.441,89.253],[22.668,89.006],[31.148,-89.252],[0.441,-89.252]],"c":true},"ix":2},"nm":"Path 1","mn":"ADBE Vector Shape - Group","hd":false},{"ty":"fl","c":{"a":0,"k":[0.156862750649,0.156862750649,0.156862750649,1],"ix":4},"o":{"a":0,"k":100,"ix":5},"r":1,"bm":0,"nm":"Fill 1","mn":"ADBE Vector Graphic - Fill","hd":false},{"ty":"tr","p":{"a":0,"k":[6278.358,-6400.064],"ix":2},"a":{"a":0,"k":[0,0],"ix":1},"s":{"a":0,"k":[100,100],"ix":3},"r":{"a":0,"k":0,"ix":6},"o":{"a":0,"k":100,"ix":7},"sk":{"a":0,"k":0,"ix":4},"sa":{"a":0,"k":0,"ix":5},"nm":"Transform"}],"nm":"Left_Leg_Knee","np":2,"cix":2,"bm":0,"ix":1,"mn":"ADBE Vector Group","hd":false}],"ip":0,"op":2309.0000940475,"st":0,"bm":0},{"ddd":0,"ind":27,"ty":4,"nm":"Left_Leg_Thigh_Control","parent":18,"sr":1,"ks":{"o":{"a":0,"k":100,"ix":11},"r":{"a":1,"k":[{"i":{"x":[0.667],"y":[1]},"o":{"x":[0.333],"y":[0]},"t":0,"s":[0]},{"i":{"x":[0.667],"y":[1]},"o":{"x":[0.333],"y":[0]},"t":18,"s":[-15]},{"t":40.0000016292334,"s":[-82]}],"ix":10},"p":{"a":0,"k":[6400.358,-6340.354,0],"ix":2,"l":2},"a":{"a":0,"k":[6285.05,-6621.354,0],"ix":1,"l":2},"s":{"a":0,"k":[100,100,100],"ix":6,"l":2}},"ao":0,"shapes":[{"ty":"gr","it":[{"ind":0,"ty":"sh","ix":1,"ks":{"a":0,"k":{"i":[[0,-20.77],[-20.77,0],[0,20.771],[20.77,0]],"o":[[0,20.771],[20.77,0],[0,-20.77],[-20.77,0]],"v":[[-37.608,-0.001],[0,37.607],[37.608,-0.001],[0,-37.608]],"c":true},"ix":2},"nm":"Path 1","mn":"ADBE Vector Shape - Group","hd":false},{"ty":"fl","c":{"a":0,"k":[0.156862750649,0.156862750649,0.156862750649,1],"ix":4},"o":{"a":0,"k":100,"ix":5},"r":1,"bm":0,"nm":"Fill 1","mn":"ADBE Vector Graphic - Fill","hd":false},{"ty":"tr","p":{"a":0,"k":[6285.05,-6621.354],"ix":2},"a":{"a":0,"k":[0,0],"ix":1},"s":{"a":0,"k":[100,100],"ix":3},"r":{"a":0,"k":0,"ix":6},"o":{"a":0,"k":100,"ix":7},"sk":{"a":0,"k":0,"ix":4},"sa":{"a":0,"k":0,"ix":5},"nm":"Transform"}],"nm":"Right_Leg_Thigh_Control","np":2,"cix":2,"bm":0,"ix":1,"mn":"ADBE Vector Group","hd":false}],"ip":0,"op":2309.0000940475,"st":0,"bm":0},{"ddd":0,"ind":28,"ty":4,"nm":"Left_Leg_Knee_Control","parent":25,"sr":1,"ks":{"o":{"a":0,"k":100,"ix":11},"r":{"a":1,"k":[{"i":{"x":[0.667],"y":[1]},"o":{"x":[0.333],"y":[0]},"t":0,"s":[0]},{"i":{"x":[0.667],"y":[1]},"o":{"x":[0.333],"y":[0]},"t":18,"s":[31]},{"t":40.0000016292334,"s":[164]}],"ix":10},"p":{"a":0,"k":[6278.801,-6489.317,0],"ix":2,"l":2},"a":{"a":0,"k":[6285.05,-6489.316,0],"ix":1,"l":2},"s":{"a":0,"k":[100,100,100],"ix":6,"l":2}},"ao":0,"shapes":[{"ty":"gr","it":[{"ind":0,"ty":"sh","ix":1,"ks":{"a":0,"k":{"i":[[0,-19.628],[19.628,0],[0,19.627],[-19.628,0]],"o":[[0,19.627],[-19.628,0],[0,-19.628],[19.628,0]],"v":[[35.539,0],[0,35.539],[-35.539,0],[0,-35.54]],"c":true},"ix":2},"nm":"Path 1","mn":"ADBE Vector Shape - Group","hd":false},{"ty":"fl","c":{"a":0,"k":[0.156862750649,0.156862750649,0.156862750649,1],"ix":4},"o":{"a":0,"k":100,"ix":5},"r":1,"bm":0,"nm":"Fill 1","mn":"ADBE Vector Graphic - Fill","hd":false},{"ty":"tr","p":{"a":0,"k":[6285.05,-6489.316],"ix":2},"a":{"a":0,"k":[0,0],"ix":1},"s":{"a":0,"k":[87.998,87.998],"ix":3},"r":{"a":0,"k":0,"ix":6},"o":{"a":0,"k":100,"ix":7},"sk":{"a":0,"k":0,"ix":4},"sa":{"a":0,"k":0,"ix":5},"nm":"Transform"}],"nm":"Right_Leg_Knee_Control","np":2,"cix":2,"bm":0,"ix":1,"mn":"ADBE Vector Group","hd":false}],"ip":0,"op":2309.0000940475,"st":0,"bm":0},{"ddd":0,"ind":29,"ty":4,"nm":"Left_Leg_Foot","parent":30,"sr":1,"ks":{"o":{"a":0,"k":100,"ix":11},"r":{"a":0,"k":0,"ix":10},"p":{"a":0,"k":[6294.146,-6300.871,0],"ix":2,"l":2},"a":{"a":0,"k":[6283.646,-6300.871,0],"ix":1,"l":2},"s":{"a":0,"k":[100,100,100],"ix":6,"l":2}},"ao":0,"shapes":[{"ty":"gr","it":[{"ind":0,"ty":"sh","ix":1,"ks":{"a":0,"k":{"i":[[10.09,0],[0.338,0.005],[0,0],[0,0],[0,0],[0,0]],"o":[[-0.322,0],[0,0],[0,0],[0,0],[0,0],[0,0]],"v":[[28.193,-9.932],[27.202,-9.94],[-38.283,-9.94],[-38.283,9.94],[37.774,9.94],[37.774,0.004]],"c":true},"ix":2},"nm":"Path 1","mn":"ADBE Vector Shape - Group","hd":false},{"ty":"fl","c":{"a":0,"k":[0.4,0.313999998803,0.294000004787,1],"ix":4},"o":{"a":0,"k":100,"ix":5},"r":1,"bm":0,"nm":"Fill 1","mn":"ADBE Vector Graphic - Fill","hd":false},{"ty":"tr","p":{"a":0,"k":[6283.898,-6300.871],"ix":2},"a":{"a":0,"k":[0,0],"ix":1},"s":{"a":0,"k":[100,100],"ix":3},"r":{"a":0,"k":0,"ix":6},"o":{"a":0,"k":100,"ix":7},"sk":{"a":0,"k":0,"ix":4},"sa":{"a":0,"k":0,"ix":5},"nm":"Transform"}],"nm":"Left_Leg_Foot","np":2,"cix":2,"bm":0,"ix":1,"mn":"ADBE Vector Group","hd":false}],"ip":0,"op":2309.0000940475,"st":0,"bm":0},{"ddd":0,"ind":30,"ty":4,"nm":"Left_Leg_Foot_Control","parent":26,"sr":1,"ks":{"o":{"a":0,"k":100,"ix":11},"r":{"a":1,"k":[{"i":{"x":[0.667],"y":[1]},"o":{"x":[0.333],"y":[0]},"t":0,"s":[0]},{"i":{"x":[0.667],"y":[1]},"o":{"x":[0.333],"y":[0]},"t":18,"s":[0]},{"t":40.0000016292334,"s":[20]}],"ix":10},"p":{"a":0,"k":[6278.359,-6317.24,0],"ix":2,"l":2},"a":{"a":0,"k":[6278.358,-6317.24,0],"ix":1,"l":2},"s":{"a":0,"k":[100,100,100],"ix":6,"l":2}},"ao":0,"shapes":[{"ty":"gr","it":[{"ind":0,"ty":"sh","ix":1,"ks":{"a":0,"k":{"i":[[0,-18.083],[4.218,-5.512],[0,0],[0,7.479],[-18.083,0]],"o":[[0,7.477],[0,0],[-4.22,-5.513],[0,-18.083],[18.083,0]],"v":[[32.742,6.428],[26.018,26.31],[-26.015,26.313],[-32.742,6.428],[0,-26.313]],"c":true},"ix":2},"nm":"Path 1","mn":"ADBE Vector Shape - Group","hd":false},{"ty":"fl","c":{"a":0,"k":[0.156862750649,0.156862750649,0.156862750649,1],"ix":4},"o":{"a":0,"k":100,"ix":5},"r":1,"bm":0,"nm":"Fill 1","mn":"ADBE Vector Graphic - Fill","hd":false},{"ty":"tr","p":{"a":0,"k":[6279.05,-6309.74],"ix":2},"a":{"a":0,"k":[0,0],"ix":1},"s":{"a":0,"k":[70.826,70.826],"ix":3},"r":{"a":0,"k":0,"ix":6},"o":{"a":0,"k":100,"ix":7},"sk":{"a":0,"k":0,"ix":4},"sa":{"a":0,"k":0,"ix":5},"nm":"Transform"}],"nm":"Foot_Control","np":2,"cix":2,"bm":0,"ix":1,"mn":"ADBE Vector Group","hd":false}],"ip":0,"op":2309.0000940475,"st":0,"bm":0},{"ddd":0,"ind":31,"ty":4,"nm":"Neck","parent":18,"sr":1,"ks":{"o":{"a":0,"k":100,"ix":11},"r":{"a":0,"k":0,"ix":10},"p":{"a":0,"k":[6364.243,-6600.708,0],"ix":2,"l":2},"a":{"a":0,"k":[6273.243,-6575.708,0],"ix":1,"l":2},"s":{"a":0,"k":[100,100,100],"ix":6,"l":2}},"ao":0,"shapes":[{"ty":"gr","it":[{"ind":0,"ty":"sh","ix":1,"ks":{"a":0,"k":{"i":[[0,0],[0,0],[0,0],[0,0]],"o":[[0,0],[0,0],[0,0],[0,0]],"v":[[-27.196,-43.32],[27.197,-43.32],[27.197,43.32],[-27.196,43.32]],"c":true},"ix":2},"nm":"Path 1","mn":"ADBE Vector Shape - Group","hd":false},{"ty":"fl","c":{"a":0,"k":[0.904313623905,0.563771605492,0.511380553246,1],"ix":4},"o":{"a":0,"k":100,"ix":5},"r":1,"bm":0,"nm":"Fill 1","mn":"ADBE Vector Graphic - Fill","hd":false},{"ty":"tr","p":{"a":0,"k":[6273.243,-6616.208],"ix":2},"a":{"a":0,"k":[0,0],"ix":1},"s":{"a":0,"k":[100,100],"ix":3},"r":{"a":0,"k":0,"ix":6},"o":{"a":0,"k":100,"ix":7},"sk":{"a":0,"k":0,"ix":4},"sa":{"a":0,"k":0,"ix":5},"nm":"Transform"}],"nm":"Neck","np":2,"cix":2,"bm":0,"ix":1,"mn":"ADBE Vector Group","hd":false}],"ip":0,"op":2309.0000940475,"st":0,"bm":0},{"ddd":0,"ind":32,"ty":4,"nm":"Collar","parent":18,"sr":1,"ks":{"o":{"a":0,"k":100,"ix":11},"r":{"a":0,"k":0,"ix":10},"p":{"a":0,"k":[6364.253,-6651.859,0],"ix":2,"l":2},"a":{"a":0,"k":[6273.253,-6626.859,0],"ix":1,"l":2},"s":{"a":0,"k":[100,100,100],"ix":6,"l":2}},"ao":0,"shapes":[{"ty":"gr","it":[{"ind":0,"ty":"sh","ix":1,"ks":{"a":0,"k":{"i":[[0,0],[0,0],[0,0],[0,0]],"o":[[0,0],[0,0],[0,0],[0,0]],"v":[[32.483,7.518],[-32.483,7.518],[-32.483,-7.518],[32.483,-7.518]],"c":true},"ix":2},"nm":"Path 1","mn":"ADBE Vector Shape - Group","hd":false},{"ty":"fl","c":{"a":0,"k":[0.894000004787,0.957000014361,0.991999966491,1],"ix":4},"o":{"a":0,"k":100,"ix":5},"r":1,"bm":0,"nm":"Fill 1","mn":"ADBE Vector Graphic - Fill","hd":false},{"ty":"tr","p":{"a":0,"k":[6273.253,-6626.859],"ix":2},"a":{"a":0,"k":[0,0],"ix":1},"s":{"a":0,"k":[100,100],"ix":3},"r":{"a":0,"k":0,"ix":6},"o":{"a":0,"k":100,"ix":7},"sk":{"a":0,"k":0,"ix":4},"sa":{"a":0,"k":0,"ix":5},"nm":"Transform"}],"nm":"Collar","np":2,"cix":2,"bm":0,"ix":1,"mn":"ADBE Vector Group","hd":false}],"ip":0,"op":2309.0000940475,"st":0,"bm":0}]},{"id":"comp_1","nm":"Gear 143","layers":[{"ddd":0,"ind":1,"ty":4,"nm":"gear 2","sr":1,"ks":{"o":{"a":0,"k":100,"ix":11},"r":{"a":0,"k":0,"ix":10},"p":{"a":0,"k":[500,500,0],"ix":2,"l":2},"a":{"a":0,"k":[0,0,0],"ix":1,"l":2},"s":{"a":0,"k":[1090,1090,100],"ix":6,"l":2}},"ao":0,"hasMask":true,"masksProperties":[{"inv":false,"mode":"s","pt":{"a":0,"k":{"i":[[12.182,0],[0,-12.352],[-12.182,0],[0,12.352]],"o":[[-12.182,0],[0,12.352],[12.182,0],[0,-12.352]],"v":[[-0.018,-22.358],[-22.076,0.006],[-0.018,22.371],[22.04,0.006]],"c":true},"ix":1},"o":{"a":0,"k":100,"ix":3},"x":{"a":0,"k":0,"ix":4},"nm":"Mask 1"}],"shapes":[{"ty":"gr","it":[{"ind":0,"ty":"sh","ix":1,"ks":{"a":0,"k":{"i":[[0,0],[0.185,1.768],[0,0],[0,0],[0,0],[0,0],[0,0],[0,0],[0,0],[0,0],[0,0],[0,0],[0,0],[1.455,-1.057],[0,0],[0,0],[0,0],[0.428,-1.711],[0,0],[0,0],[0,0],[-0.785,-1.612],[0,0],[0,0],[0,0],[-0.783,-0.444],[0,0],[0,0],[0,0],[0,0],[0,0],[0,0],[0,0],[0,0],[-1.014,1.51],[0,0],[0,0]],"o":[[0.156,-1.79],[0,0],[0,0],[0,0],[0,0],[0,0],[0,0],[0,0],[-1.723,-0.462],[0,0],[0,0],[0,0],[-1.613,0.749],[0,0],[0,0],[0,0],[-0.774,1.648],[0,0],[0,0],[0,0],[0.459,1.728],[0,0],[0,0],[0,0],[0,0],[0.785,0.444],[0,0],[0,0],[0,0],[0,0],[0,0],[0,0],[0,0],[1.246,-1.246],[0,0],[0,0],[0,0]],"v":[[27.798,2.429],[27.749,-2.919],[35.423,-7.991],[32.04,-17.047],[22.907,-15.888],[19.483,-19.9],[22.063,-28.738],[13.651,-33.502],[7.397,-26.743],[2.196,-27.615],[-1.507,-36.046],[-11.015,-34.287],[-11.411,-25.1],[-16.026,-22.39],[-24.261,-26.492],[-30.413,-19.034],[-24.806,-11.748],[-26.604,-6.7],[-35.552,-4.547],[-35.47,5.119],[-26.489,7.104],[-24.62,12.125],[-30.093,19.52],[-23.817,26.873],[-15.63,22.659],[-13.394,24.063],[-11.04,25.259],[-10.442,34.448],[-0.907,36.046],[2.657,27.556],[7.843,26.597],[14.208,33.251],[22.538,28.349],[19.784,19.569],[23.187,15.434],[32.319,16.49],[35.552,7.38]],"c":true},"ix":2},"nm":"Path 1","mn":"ADBE Vector Shape - Group","hd":false},{"ty":"fl","c":{"a":0,"k":[0.199861578848,0.399154573328,0.894117647059,1],"ix":4},"o":{"a":0,"k":100,"ix":5},"r":1,"bm":0,"nm":"Fill 1","mn":"ADBE Vector Graphic - Fill","hd":false},{"ty":"tr","p":{"a":0,"k":[0,0],"ix":2},"a":{"a":0,"k":[0,0],"ix":1},"s":{"a":0,"k":[100,100],"ix":3},"r":{"a":0,"k":0,"ix":6},"o":{"a":0,"k":100,"ix":7},"sk":{"a":0,"k":0,"ix":4},"sa":{"a":0,"k":0,"ix":5},"nm":"Transform"}],"nm":"Shape 1","np":3,"cix":2,"bm":0,"ix":1,"mn":"ADBE Vector Group","hd":false}],"ip":0,"op":9449.00038486566,"st":0,"bm":0}]},{"id":"comp_2","nm":"Clock 2","layers":[{"ddd":0,"ind":1,"ty":4,"nm":"pin","sr":1,"ks":{"o":{"a":0,"k":100,"ix":11},"r":{"a":0,"k":0,"ix":10},"p":{"a":0,"k":[960,540,0],"ix":2,"l":2},"a":{"a":0,"k":[0,0,0],"ix":1,"l":2},"s":{"a":1,"k":[{"i":{"x":[0.833,0.833,0.833],"y":[0.833,0.833,0.833]},"o":{"x":[0.167,0.167,0.167],"y":[0.167,0.167,0.167]},"t":-112.687,"s":[0,0,100]},{"t":-106.693204345703,"s":[100,100,100]}],"ix":6,"l":2}},"ao":0,"shapes":[{"ty":"gr","it":[{"ind":0,"ty":"sh","ix":1,"ks":{"a":0,"k":{"i":[[9.065,0],[0,9.056],[-9.062,0],[0,-9.061]],"o":[[-9.062,0],[0,-9.061],[9.065,0],[0,9.056]],"v":[[0.244,17.53],[-16.147,1.124],[0.244,-15.275],[16.655,1.124]],"c":true},"ix":2},"nm":"Path 1","mn":"ADBE Vector Shape - Group","hd":false},{"ty":"fl","c":{"a":0,"k":[0,0,0,1],"ix":4},"o":{"a":0,"k":100,"ix":5},"r":1,"bm":0,"nm":"Fill 1","mn":"ADBE Vector Graphic - Fill","hd":false},{"ty":"tr","p":{"a":0,"k":[0,0],"ix":2},"a":{"a":0,"k":[0,0],"ix":1},"s":{"a":0,"k":[100,100],"ix":3},"r":{"a":0,"k":0,"ix":6},"o":{"a":0,"k":100,"ix":7},"sk":{"a":0,"k":0,"ix":4},"sa":{"a":0,"k":0,"ix":5},"nm":"Transform"}],"nm":"Shape 1","np":3,"cix":2,"bm":0,"ix":1,"mn":"ADBE Vector Group","hd":false}],"ip":0,"op":151.048806152344,"st":-112.687204589844,"bm":0},{"ddd":0,"ind":2,"ty":4,"nm":"hr","sr":1,"ks":{"o":{"a":0,"k":100,"ix":11},"r":{"a":1,"k":[{"i":{"x":[0.833],"y":[0.833]},"o":{"x":[0.167],"y":[0.167]},"t":0,"s":[0]},{"t":149.850006103516,"s":[360]}],"ix":10},"p":{"a":0,"k":[960,540,0],"ix":2,"l":2},"a":{"a":0,"k":[0,0,0],"ix":1,"l":2},"s":{"a":1,"k":[{"i":{"x":[0,0,0.667],"y":[1,1,1]},"o":{"x":[0.167,0.167,0.167],"y":[0.167,0.167,16.667]},"t":-124.675,"s":[0,0,100]},{"t":-106.693204345703,"s":[100,100,100]}],"ix":6,"l":2}},"ao":0,"shapes":[{"ty":"gr","it":[{"ind":0,"ty":"sh","ix":1,"ks":{"a":0,"k":{"i":[[12.021,4.604],[0,0.171],[0,0],[6.345,0],[0,-6.341],[0,0],[-0.002,-0.174],[0,-13.637],[-17.659,0],[0,17.666]],"o":[[0.006,-0.171],[0,0],[0,-6.341],[-6.343,0],[0,0],[0,0.171],[-12.016,4.609],[0,17.666],[17.675,0],[0,-13.637]],"v":[[11.687,-28.729],[11.738,-29.228],[11.738,-154.943],[0.244,-166.426],[-11.232,-154.943],[-11.232,-29.228],[-11.183,-28.726],[-31.746,1.124],[0.244,33.114],[32.241,1.124]],"c":true},"ix":2},"nm":"Path 1","mn":"ADBE Vector Shape - Group","hd":false},{"ty":"fl","c":{"a":0,"k":[0.047058868408,0,1,1],"ix":4},"o":{"a":0,"k":100,"ix":5},"r":1,"bm":0,"nm":"Fill 1","mn":"ADBE Vector Graphic - Fill","hd":false},{"ty":"tr","p":{"a":0,"k":[0,0],"ix":2},"a":{"a":0,"k":[0,0],"ix":1},"s":{"a":0,"k":[100,100],"ix":3},"r":{"a":0,"k":0,"ix":6},"o":{"a":0,"k":100,"ix":7},"sk":{"a":0,"k":0,"ix":4},"sa":{"a":0,"k":0,"ix":5},"nm":"Transform"}],"nm":"Shape 1","np":3,"cix":2,"bm":0,"ix":1,"mn":"ADBE Vector Group","hd":false}],"ip":0,"op":151.048806152344,"st":-124.675205078125,"bm":0},{"ddd":0,"ind":3,"ty":4,"nm":"second","sr":1,"ks":{"o":{"a":0,"k":100,"ix":11},"r":{"a":1,"k":[{"i":{"x":[0.833],"y":[0.833]},"o":{"x":[0.167],"y":[0.167]},"t":0,"s":[0]},{"t":149.850006103516,"s":[1080]}],"ix":10},"p":{"a":0,"k":[960,540,0],"ix":2,"l":2},"a":{"a":0,"k":[0,0,0],"ix":1,"l":2},"s":{"a":1,"k":[{"i":{"x":[0,0,0.667],"y":[1,1,1]},"o":{"x":[0.167,0.167,0.167],"y":[0.167,0.167,16.667]},"t":-137.862,"s":[0,0,100]},{"t":-119.880004882813,"s":[100,100,100]}],"ix":6,"l":2}},"ao":0,"shapes":[{"ty":"gr","it":[{"ind":0,"ty":"sh","ix":1,"ks":{"a":0,"k":{"i":[[2.785,4.671],[0,0],[0,2.844],[0,0],[11.588,0],[0,-11.581],[0,0],[-11.576,0],[-1.285,0.253],[0,0]],"o":[[0,0],[1.033,-2.475],[0,0],[0,-11.581],[-11.576,0],[0,0],[0,11.58],[1.363,0],[0,0],[2.78,4.662]],"v":[[122.33,199.353],[13.593,18.169],[19.003,2.653],[19.003,1.229],[-1.975,-19.739],[-22.943,1.229],[-22.943,2.653],[-1.975,23.625],[10.597,20.259],[119.312,200.87]],"c":true},"ix":2},"nm":"Path 1","mn":"ADBE Vector Shape - Group","hd":false},{"ty":"fl","c":{"a":0,"k":[0.7411764705882353,0.06274509803921569,0.8784313725490196,1],"ix":4},"o":{"a":0,"k":100,"ix":5},"r":1,"bm":0,"nm":"Fill 1","mn":"ADBE Vector Graphic - Fill","hd":false},{"ty":"tr","p":{"a":0,"k":[0,0],"ix":2},"a":{"a":0,"k":[0,0],"ix":1},"s":{"a":0,"k":[100,100],"ix":3},"r":{"a":0,"k":0,"ix":6},"o":{"a":0,"k":100,"ix":7},"sk":{"a":0,"k":0,"ix":4},"sa":{"a":0,"k":0,"ix":5},"nm":"Transform"}],"nm":"Shape 1","np":3,"cix":2,"bm":0,"ix":1,"mn":"ADBE Vector Group","hd":false}],"ip":0,"op":151.048806152344,"st":-137.862005615234,"bm":0},{"ddd":0,"ind":4,"ty":4,"nm":"min","sr":1,"ks":{"o":{"a":0,"k":100,"ix":11},"r":{"a":1,"k":[{"i":{"x":[0.833],"y":[0.833]},"o":{"x":[0.167],"y":[0.167]},"t":0,"s":[0]},{"t":149.850006103516,"s":[720]}],"ix":10},"p":{"a":0,"k":[960,540,0],"ix":2,"l":2},"a":{"a":0,"k":[0,0,0],"ix":1,"l":2},"s":{"a":1,"k":[{"i":{"x":[0,0,0.667],"y":[1,1,1]},"o":{"x":[0.167,0.167,0.167],"y":[0.167,0.167,16.667]},"t":-137.862,"s":[0,0,100]},{"t":-119.880004882813,"s":[100,100,100]}],"ix":6,"l":2}},"ao":0,"shapes":[{"ty":"gr","it":[{"ind":0,"ty":"sh","ix":1,"ks":{"a":0,"k":{"i":[[2.785,4.671],[0,0],[0,2.844],[0,0],[11.588,0],[0,-11.581],[0,0],[-11.576,0],[-1.285,0.253],[0,0],[-4.665,2.782]],"o":[[0,0],[1.033,-2.475],[0,0],[0,-11.581],[-11.576,0],[0,0],[0,11.58],[1.363,0],[0,0],[2.78,4.662],[4.664,-2.785]],"v":[[117.358,176.355],[17.397,10.68],[19.003,2.653],[19.003,1.229],[-1.975,-19.739],[-22.943,1.229],[-22.943,2.653],[-1.975,23.625],[1.973,23.239],[100.449,186.435],[113.941,189.852]],"c":true},"ix":2},"nm":"Path 1","mn":"ADBE Vector Shape - Group","hd":false},{"ty":"fl","c":{"a":0,"k":[0.7411764705882353,0.06274509803921569,0.8784313725490196,1],"ix":4},"o":{"a":0,"k":100,"ix":5},"r":1,"bm":0,"nm":"Fill 1","mn":"ADBE Vector Graphic - Fill","hd":false},{"ty":"tr","p":{"a":0,"k":[0,0],"ix":2},"a":{"a":0,"k":[0,0],"ix":1},"s":{"a":0,"k":[100,100],"ix":3},"r":{"a":0,"k":0,"ix":6},"o":{"a":0,"k":100,"ix":7},"sk":{"a":0,"k":0,"ix":4},"sa":{"a":0,"k":0,"ix":5},"nm":"Transform"}],"nm":"Shape 1","np":3,"cix":2,"bm":0,"ix":1,"mn":"ADBE Vector Group","hd":false}],"ip":0,"op":151.048806152344,"st":-137.862005615234,"bm":0},{"ddd":0,"ind":5,"ty":4,"nm":"minutes","sr":1,"ks":{"o":{"a":0,"k":100,"ix":11},"r":{"a":0,"k":0,"ix":10},"p":{"a":0,"k":[960,540,0],"ix":2,"l":2},"a":{"a":0,"k":[0,0,0],"ix":1,"l":2},"s":{"a":0,"k":[100,100,100],"ix":6,"l":2}},"ao":0,"shapes":[{"ty":"gr","it":[{"ind":0,"ty":"sh","ix":1,"ks":{"a":0,"k":{"i":[[-8.152,0],[0,-8.163],[8.158,0],[0,8.147]],"o":[[8.158,0],[0,8.147],[-8.152,0],[0,-8.163]],"v":[[218.508,-152.22],[233.282,-137.451],[218.508,-122.687],[203.742,-137.451]],"c":true},"ix":2},"nm":"Path 1","mn":"ADBE Vector Shape - Group","hd":false},{"ty":"fl","c":{"a":0,"k":[0,0.494117467544,1,1],"ix":4},"o":{"a":0,"k":100,"ix":5},"r":1,"bm":0,"nm":"Fill 1","mn":"ADBE Vector Graphic - Fill","hd":false},{"ty":"tr","p":{"a":0,"k":[218.5,-136.75],"ix":2},"a":{"a":0,"k":[218.5,-136.75],"ix":1},"s":{"a":0,"k":[100,100],"ix":3},"r":{"a":0,"k":0,"ix":6},"o":{"a":0,"k":100,"ix":7},"sk":{"a":0,"k":0,"ix":4},"sa":{"a":0,"k":0,"ix":5},"nm":"Transform"}],"nm":"Shape 8","np":3,"cix":2,"bm":0,"ix":1,"mn":"ADBE Vector Group","hd":false},{"ty":"gr","it":[{"ind":0,"ty":"sh","ix":1,"ks":{"a":0,"k":{"i":[[-8.151,0],[0,-8.158],[8.156,0],[0,8.156]],"o":[[8.156,0],[0,8.156],[-8.151,0],[0,-8.158]],"v":[[113.513,-247.376],[128.271,-232.608],[113.513,-217.844],[98.744,-232.608]],"c":true},"ix":2},"nm":"Path 1","mn":"ADBE Vector Shape - Group","hd":false},{"ty":"fl","c":{"a":0,"k":[0,0.494117467544,1,1],"ix":4},"o":{"a":0,"k":100,"ix":5},"r":1,"bm":0,"nm":"Fill 1","mn":"ADBE Vector Graphic - Fill","hd":false},{"ty":"tr","p":{"a":0,"k":[113.5,-232.5],"ix":2},"a":{"a":0,"k":[113.5,-232.5],"ix":1},"s":{"a":0,"k":[100,100],"ix":3},"r":{"a":0,"k":0,"ix":6},"o":{"a":0,"k":100,"ix":7},"sk":{"a":0,"k":0,"ix":4},"sa":{"a":0,"k":0,"ix":5},"nm":"Transform"}],"nm":"Shape 7","np":3,"cix":2,"bm":0,"ix":2,"mn":"ADBE Vector Group","hd":false},{"ty":"gr","it":[{"ind":0,"ty":"sh","ix":1,"ks":{"a":0,"k":{"i":[[-8.154,0],[0,-8.159],[8.146,0],[0,8.159]],"o":[[8.146,0],[0,8.159],[-8.154,0],[0,-8.159]],"v":[[-107.971,189.029],[-93.21,203.797],[-107.971,218.564],[-122.733,203.797]],"c":true},"ix":2},"nm":"Path 1","mn":"ADBE Vector Shape - Group","hd":false},{"ty":"fl","c":{"a":0,"k":[0,0.494117467544,1,1],"ix":4},"o":{"a":0,"k":100,"ix":5},"r":1,"bm":0,"nm":"Fill 1","mn":"ADBE Vector Graphic - Fill","hd":false},{"ty":"tr","p":{"a":0,"k":[-108.5,204],"ix":2},"a":{"a":0,"k":[-108.5,204],"ix":1},"s":{"a":0,"k":[100,100],"ix":3},"r":{"a":0,"k":0,"ix":6},"o":{"a":0,"k":100,"ix":7},"sk":{"a":0,"k":0,"ix":4},"sa":{"a":0,"k":0,"ix":5},"nm":"Transform"}],"nm":"Shape 6","np":3,"cix":2,"bm":0,"ix":3,"mn":"ADBE Vector Group","hd":false},{"ty":"gr","it":[{"ind":0,"ty":"sh","ix":1,"ks":{"a":0,"k":{"i":[[-8.15,0],[0,-8.159],[8.156,0],[0,8.155]],"o":[[8.156,0],[0,8.155],[-8.15,0],[0,-8.159]],"v":[[-212.976,93.872],[-198.21,108.645],[-212.976,123.409],[-227.739,108.645]],"c":true},"ix":2},"nm":"Path 1","mn":"ADBE Vector Shape - Group","hd":false},{"ty":"fl","c":{"a":0,"k":[0,0.494117467544,1,1],"ix":4},"o":{"a":0,"k":100,"ix":5},"r":1,"bm":0,"nm":"Fill 1","mn":"ADBE Vector Graphic - Fill","hd":false},{"ty":"tr","p":{"a":0,"k":[-213,109],"ix":2},"a":{"a":0,"k":[-213,109],"ix":1},"s":{"a":0,"k":[100,100],"ix":3},"r":{"a":0,"k":0,"ix":6},"o":{"a":0,"k":100,"ix":7},"sk":{"a":0,"k":0,"ix":4},"sa":{"a":0,"k":0,"ix":5},"nm":"Transform"}],"nm":"Shape 5","np":3,"cix":2,"bm":0,"ix":4,"mn":"ADBE Vector Group","hd":false},{"ty":"gr","it":[{"ind":0,"ty":"sh","ix":1,"ks":{"a":0,"k":{"i":[[0,-8.159],[8.159,0],[0,8.155],[-8.154,0]],"o":[[0,8.155],[-8.154,0],[0,-8.159],[8.159,0]],"v":[[136.478,211.998],[121.71,226.767],[106.944,211.998],[121.71,197.237]],"c":true},"ix":2},"nm":"Path 1","mn":"ADBE Vector Shape - Group","hd":false},{"ty":"fl","c":{"a":0,"k":[0,0.494117467544,1,1],"ix":4},"o":{"a":0,"k":100,"ix":5},"r":1,"bm":0,"nm":"Fill 1","mn":"ADBE Vector Graphic - Fill","hd":false},{"ty":"tr","p":{"a":0,"k":[121.75,212.5],"ix":2},"a":{"a":0,"k":[121.75,212.5],"ix":1},"s":{"a":0,"k":[100,100],"ix":3},"r":{"a":0,"k":0,"ix":6},"o":{"a":0,"k":100,"ix":7},"sk":{"a":0,"k":0,"ix":4},"sa":{"a":0,"k":0,"ix":5},"nm":"Transform"}],"nm":"Shape 4","np":3,"cix":2,"bm":0,"ix":5,"mn":"ADBE Vector Group","hd":false},{"ty":"gr","it":[{"ind":0,"ty":"sh","ix":1,"ks":{"a":0,"k":{"i":[[0,-8.149],[8.161,0],[0,8.148],[-8.143,0]],"o":[[0,8.148],[-8.143,0],[0,-8.149],[8.161,0]],"v":[[231.639,106.993],[216.867,121.759],[202.104,106.993],[216.867,92.233]],"c":true},"ix":2},"nm":"Path 1","mn":"ADBE Vector Shape - Group","hd":false},{"ty":"fl","c":{"a":0,"k":[0,0.494117467544,1,1],"ix":4},"o":{"a":0,"k":100,"ix":5},"r":1,"bm":0,"nm":"Fill 1","mn":"ADBE Vector Graphic - Fill","hd":false},{"ty":"tr","p":{"a":0,"k":[217,107],"ix":2},"a":{"a":0,"k":[217,107],"ix":1},"s":{"a":0,"k":[100,100],"ix":3},"r":{"a":0,"k":0,"ix":6},"o":{"a":0,"k":100,"ix":7},"sk":{"a":0,"k":0,"ix":4},"sa":{"a":0,"k":0,"ix":5},"nm":"Transform"}],"nm":"Shape 3","np":3,"cix":2,"bm":0,"ix":6,"mn":"ADBE Vector Group","hd":false},{"ty":"gr","it":[{"ind":0,"ty":"sh","ix":1,"ks":{"a":0,"k":{"i":[[0,-8.154],[8.159,0],[0,8.15],[-8.156,0]],"o":[[0,8.15],[-8.156,0],[0,-8.154],[8.159,0]],"v":[[-204.773,-114.485],[-219.542,-99.722],[-234.299,-114.485],[-219.542,-129.245]],"c":true},"ix":2},"nm":"Path 1","mn":"ADBE Vector Shape - Group","hd":false},{"ty":"fl","c":{"a":0,"k":[0,0.494117467544,1,1],"ix":4},"o":{"a":0,"k":100,"ix":5},"r":1,"bm":0,"nm":"Fill 1","mn":"ADBE Vector Graphic - Fill","hd":false},{"ty":"tr","p":{"a":0,"k":[-219.25,-114],"ix":2},"a":{"a":0,"k":[-219.25,-114],"ix":1},"s":{"a":0,"k":[100,100],"ix":3},"r":{"a":0,"k":0,"ix":6},"o":{"a":0,"k":100,"ix":7},"sk":{"a":0,"k":0,"ix":4},"sa":{"a":0,"k":0,"ix":5},"nm":"Transform"}],"nm":"Shape 2","np":3,"cix":2,"bm":0,"ix":7,"mn":"ADBE Vector Group","hd":false},{"ty":"gr","it":[{"ind":0,"ty":"sh","ix":1,"ks":{"a":0,"k":{"i":[[0,-8.166],[8.15,0],[0,8.139],[-8.154,0]],"o":[[0,8.139],[-8.154,0],[0,-8.166],[8.15,0]],"v":[[-109.608,-219.478],[-124.379,-204.722],[-139.152,-219.478],[-124.379,-234.255]],"c":true},"ix":2},"nm":"Path 1","mn":"ADBE Vector Shape - Group","hd":false},{"ty":"fl","c":{"a":0,"k":[0,0.494117467544,1,1],"ix":4},"o":{"a":0,"k":100,"ix":5},"r":1,"bm":0,"nm":"Fill 1","mn":"ADBE Vector Graphic - Fill","hd":false},{"ty":"tr","p":{"a":0,"k":[-125.5,-219.5],"ix":2},"a":{"a":0,"k":[-125.5,-219.5],"ix":1},"s":{"a":0,"k":[100,100],"ix":3},"r":{"a":0,"k":0,"ix":6},"o":{"a":0,"k":100,"ix":7},"sk":{"a":0,"k":0,"ix":4},"sa":{"a":0,"k":0,"ix":5},"nm":"Transform"}],"nm":"Shape 1","np":3,"cix":2,"bm":0,"ix":8,"mn":"ADBE Vector Group","hd":false}],"ip":0,"op":151.048806152344,"st":-131.868005371094,"bm":0},{"ddd":0,"ind":6,"ty":4,"nm":"hour","sr":1,"ks":{"o":{"a":0,"k":100,"ix":11},"r":{"a":0,"k":0,"ix":10},"p":{"a":0,"k":[960,540,0],"ix":2,"l":2},"a":{"a":0,"k":[0,0,0],"ix":1,"l":2},"s":{"a":0,"k":[100,100,100],"ix":6,"l":2}},"ao":0,"shapes":[{"ty":"gr","it":[{"ind":0,"ty":"sh","ix":1,"ks":{"a":0,"k":{"i":[[13.147,0],[0,13.134],[-13.126,0],[0,-13.138]],"o":[[-13.126,0],[0,-13.138],[13.147,0],[0,13.134]],"v":[[-262.238,24.444],[-286.012,0.659],[-262.238,-23.13],[-238.44,0.659]],"c":true},"ix":2},"nm":"Path 1","mn":"ADBE Vector Shape - Group","hd":false},{"ty":"fl","c":{"a":0,"k":[0.76862745098,0.141668581495,0.141668581495,1],"ix":4},"o":{"a":0,"k":100,"ix":5},"r":1,"bm":0,"nm":"Fill 1","mn":"ADBE Vector Graphic - Fill","hd":false},{"ty":"tr","p":{"a":0,"k":[-263,1],"ix":2},"a":{"a":0,"k":[-263,1],"ix":1},"s":{"a":0,"k":[100,100],"ix":3},"r":{"a":0,"k":0,"ix":6},"o":{"a":0,"k":100,"ix":7},"sk":{"a":0,"k":0,"ix":4},"sa":{"a":0,"k":0,"ix":5},"nm":"Transform"}],"nm":"Shape 4","np":3,"cix":2,"bm":0,"ix":1,"mn":"ADBE Vector Group","hd":false},{"ty":"gr","it":[{"ind":0,"ty":"sh","ix":1,"ks":{"a":0,"k":{"i":[[13.138,0],[0,13.134],[-13.144,0],[0,-13.138]],"o":[[-13.144,0],[0,-13.138],[13.138,0],[0,13.134]],"v":[[262.229,24.444],[238.445,0.659],[262.229,-23.122],[286.021,0.659]],"c":true},"ix":2},"nm":"Path 1","mn":"ADBE Vector Shape - Group","hd":false},{"ty":"fl","c":{"a":0,"k":[0.76862745098,0.141668581495,0.141668581495,1],"ix":4},"o":{"a":0,"k":100,"ix":5},"r":1,"bm":0,"nm":"Fill 1","mn":"ADBE Vector Graphic - Fill","hd":false},{"ty":"tr","p":{"a":0,"k":[262,1],"ix":2},"a":{"a":0,"k":[262,1],"ix":1},"s":{"a":0,"k":[100,100],"ix":3},"r":{"a":0,"k":0,"ix":6},"o":{"a":0,"k":100,"ix":7},"sk":{"a":0,"k":0,"ix":4},"sa":{"a":0,"k":0,"ix":5},"nm":"Transform"}],"nm":"Shape 3","np":3,"cix":2,"bm":0,"ix":2,"mn":"ADBE Vector Group","hd":false},{"ty":"gr","it":[{"ind":0,"ty":"sh","ix":1,"ks":{"a":0,"k":{"i":[[0,-13.137],[13.143,0],[0,13.142],[-13.133,0]],"o":[[0,13.142],[-13.133,0],[0,-13.137],[13.143,0]],"v":[[23.786,262.889],[-0.002,286.683],[-23.789,262.889],[-0.002,239.092]],"c":true},"ix":2},"nm":"Path 1","mn":"ADBE Vector Shape - Group","hd":false},{"ty":"fl","c":{"a":0,"k":[0.76862745098,0.141668581495,0.141668581495,1],"ix":4},"o":{"a":0,"k":100,"ix":5},"r":1,"bm":0,"nm":"Fill 1","mn":"ADBE Vector Graphic - Fill","hd":false},{"ty":"tr","p":{"a":0,"k":[-0.75,263.25],"ix":2},"a":{"a":0,"k":[-0.75,263.25],"ix":1},"s":{"a":0,"k":[100,100],"ix":3},"r":{"a":0,"k":0,"ix":6},"o":{"a":0,"k":100,"ix":7},"sk":{"a":0,"k":0,"ix":4},"sa":{"a":0,"k":0,"ix":5},"nm":"Transform"}],"nm":"Shape 2","np":3,"cix":2,"bm":0,"ix":3,"mn":"ADBE Vector Group","hd":false},{"ty":"gr","it":[{"ind":0,"ty":"sh","ix":1,"ks":{"a":0,"k":{"i":[[0,-13.134],[13.143,0],[0,13.146],[-13.133,0]],"o":[[0,13.146],[-13.133,0],[0,-13.134],[13.143,0]],"v":[[23.786,-261.574],[-0.002,-237.777],[-23.789,-261.574],[-0.002,-285.356]],"c":true},"ix":2},"nm":"Path 1","mn":"ADBE Vector Shape - Group","hd":false},{"ty":"fl","c":{"a":0,"k":[0.76862745098,0.141668581495,0.141668581495,1],"ix":4},"o":{"a":0,"k":100,"ix":5},"r":1,"bm":0,"nm":"Fill 1","mn":"ADBE Vector Graphic - Fill","hd":false},{"ty":"tr","p":{"a":0,"k":[0,-260],"ix":2},"a":{"a":0,"k":[0,-260],"ix":1},"s":{"a":0,"k":[100,100],"ix":3},"r":{"a":0,"k":0,"ix":6},"o":{"a":0,"k":100,"ix":7},"sk":{"a":0,"k":0,"ix":4},"sa":{"a":0,"k":0,"ix":5},"nm":"Transform"}],"nm":"Shape 1","np":3,"cix":2,"bm":0,"ix":4,"mn":"ADBE Vector Group","hd":false}],"ip":0,"op":151.048806152344,"st":-137.862005615234,"bm":0},{"ddd":0,"ind":7,"ty":4,"nm":"base","sr":1,"ks":{"o":{"a":0,"k":100,"ix":11},"r":{"a":0,"k":0,"ix":10},"p":{"a":0,"k":[960,540,0],"ix":2,"l":2},"a":{"a":0,"k":[0,0,0],"ix":1,"l":2},"s":{"a":0,"k":[100,100,100],"ix":6,"l":2}},"ao":0,"shapes":[{"ty":"gr","it":[{"d":1,"ty":"el","s":{"a":0,"k":[584,584],"ix":2},"p":{"a":0,"k":[0,0],"ix":3},"nm":"Ellipse Path 1","mn":"ADBE Vector Shape - Ellipse","hd":false},{"ty":"fl","c":{"a":0,"k":[1,1,1,1],"ix":4},"o":{"a":0,"k":100,"ix":5},"r":1,"bm":0,"nm":"Fill 1","mn":"ADBE Vector Graphic - Fill","hd":false},{"ty":"tr","p":{"a":0,"k":[0,0],"ix":2},"a":{"a":0,"k":[0,0],"ix":1},"s":{"a":0,"k":[100,100],"ix":3},"r":{"a":0,"k":0,"ix":6},"o":{"a":0,"k":100,"ix":7},"sk":{"a":0,"k":0,"ix":4},"sa":{"a":0,"k":0,"ix":5},"nm":"Transform"}],"nm":"Ellipse 1","np":3,"cix":2,"bm":0,"ix":1,"mn":"ADBE Vector Group","hd":false},{"ty":"gr","it":[{"ind":0,"ty":"sh","ix":1,"ks":{"a":0,"k":{"i":[[0,-187.375],[187.377,0],[0,187.381],[-187.38,0]],"o":[[0,187.381],[-187.38,0],[0,-187.375],[187.377,0]],"v":[[339.27,-0.003],[-0.002,339.271],[-339.27,-0.003],[-0.002,-339.271]],"c":true},"ix":2},"nm":"Path 1","mn":"ADBE Vector Shape - Group","hd":false},{"ty":"fl","c":{"a":0,"k":[0,0,0,1],"ix":4},"o":{"a":0,"k":100,"ix":5},"r":1,"bm":0,"nm":"Fill 1","mn":"ADBE Vector Graphic - Fill","hd":false},{"ty":"tr","p":{"a":0,"k":[0,0],"ix":2},"a":{"a":0,"k":[0,0],"ix":1},"s":{"a":0,"k":[100,100],"ix":3},"r":{"a":0,"k":0,"ix":6},"o":{"a":0,"k":100,"ix":7},"sk":{"a":0,"k":0,"ix":4},"sa":{"a":0,"k":0,"ix":5},"nm":"Transform"}],"nm":"Shape 1","np":3,"cix":2,"bm":0,"ix":2,"mn":"ADBE Vector Group","hd":false}],"ip":0,"op":151.048806152344,"st":-149.850006103516,"bm":0}]}],"layers":[{"ddd":0,"ind":1,"ty":0,"nm":"Businessman 56","refId":"comp_0","sr":1,"ks":{"o":{"a":0,"k":100,"ix":11},"r":{"a":0,"k":0,"ix":10},"p":{"a":0,"k":[560,728.323,0],"ix":2,"l":2},"a":{"a":0,"k":[960,540,0],"ix":1,"l":2},"s":{"a":0,"k":[100,100,100],"ix":6,"l":2}},"ao":0,"w":1920,"h":1080,"ip":0,"op":150.000006109625,"st":-112.000004561854,"bm":0},{"ddd":0,"ind":2,"ty":0,"nm":"Gear 143","refId":"comp_1","sr":1,"ks":{"o":{"a":0,"k":100,"ix":11},"r":{"a":1,"k":[{"i":{"x":[0.833],"y":[0.833]},"o":{"x":[0.167],"y":[0.167]},"t":0,"s":[0]},{"t":149.000006068894,"s":[360]}],"ix":10},"p":{"a":0,"k":[560,499.528,0],"ix":2,"l":2},"a":{"a":0,"k":[500,500,0],"ix":1,"l":2},"s":{"a":0,"k":[100,100,100],"ix":6,"l":2}},"ao":0,"w":1000,"h":1000,"ip":0,"op":150.000006109625,"st":-136.000005539394,"bm":0},{"ddd":0,"ind":3,"ty":0,"nm":"Clock 2","refId":"comp_2","sr":1,"ks":{"o":{"a":0,"k":100,"ix":11},"r":{"a":0,"k":0,"ix":10},"p":{"a":0,"k":[560,500,0],"ix":2,"l":2},"a":{"a":0,"k":[960,540,0],"ix":1,"l":2},"s":{"a":0,"k":[78,78,100],"ix":6,"l":2}},"ao":0,"w":1920,"h":1080,"ip":0,"op":151.048806152344,"st":0,"bm":0}],"markers":[]}